Seed,Feature_Type,Label,Train_Loss,Train_Accuracy,Train_ROC_AUC,Test_Loss,Test_Accuracy,Test_ROC_AUC,Weight_Norm,Cosine_Sim_Input_Recons,Cosine_Sim_Input_Diff,Cosine_Sim_Recons_Diff
0,sae_input,target,0.000729763205569688,1.0,1.0,0.0173562096084647,0.993322203672788,0.9998549819285172,0.8780471086502075,0.4325155019760132,0.6525929570198059,-0.2361128181219101
0,sae_recons,target,0.0014668489567351705,1.0,1.0,0.03642053782463401,0.991652754590985,0.9991522020436393,1.1735786199569702,0.4325155019760132,0.6525929570198059,-0.2361128181219101
0,sae_diff,target,0.0007522585824328316,1.0,1.0,0.01576277048663975,0.994991652754591,0.999877292401053,0.941633939743042,0.4325155019760132,0.6525929570198059,-0.2361128181219101
1,sae_input,target,0.0008176209628245505,1.0,1.0,0.009598834572266216,0.996661101836394,0.9999441090990387,0.9072663187980652,0.4163610637187958,0.6504853963851929,-0.2541618347167969
1,sae_recons,target,0.0015675831611487029,1.0,1.0,0.021205056412815653,0.994991652754591,0.9996981891348088,1.195131778717041,0.4163610637187958,0.6504853963851929,-0.2541618347167969
1,sae_diff,target,0.0008264475845418889,1.0,1.0,0.008797811652007055,0.996661101836394,0.999955287279231,0.963511049747467,0.4163610637187958,0.6504853963851929,-0.2541618347167969
2,sae_input,target,0.0008969138279464181,1.0,1.0,0.003801458633481791,0.998330550918197,1.0,0.9253211617469788,0.40035098791122437,0.6629950404167175,-0.2410670518875122
2,sae_recons,target,0.0018003508244292768,1.0,1.0,0.0068440426427028725,0.996661101836394,0.9999886644448979,1.2442216873168945,0.40035098791122437,0.6629950404167175,-0.2410670518875122
2,sae_diff,target,0.0008803564319680999,1.0,1.0,0.0032925813312394987,1.0,1.0,0.9797840714454651,0.40035098791122437,0.6629950404167175,-0.2410670518875122
3,sae_input,target,0.0009068302557648154,1.0,1.0,0.004865529188653196,0.998330550918197,1.0,0.92034512758255,0.40675342082977295,0.6679736375808716,-0.227326437830925
3,sae_recons,target,0.001791892168726274,1.0,1.0,0.006488746263276708,0.998330550918197,1.0,1.2471171617507935,0.40675342082977295,0.6679736375808716,-0.227326437830925
3,sae_diff,target,0.0008797946226086929,1.0,1.0,0.0033953999438348834,1.0,1.0,0.9786618947982788,0.40675342082977295,0.6679736375808716,-0.227326437830925
4,sae_input,target,0.0007752246562175794,1.0,1.0,0.011277024570053617,0.996661101836394,0.9999219603558608,0.8954067230224609,0.40496885776519775,0.6727546453475952,-0.2451615184545517
4,sae_recons,target,0.0017303028969997902,1.0,1.0,0.012151699672502406,0.994991652754591,0.999933108876452,1.2223409414291382,0.40496885776519775,0.6727546453475952,-0.2451615184545517
4,sae_diff,target,0.0008074449773259866,1.0,1.0,0.0088317117816569,0.996661101836394,0.9999777029588173,0.9537350535392761,0.40496885776519775,0.6727546453475952,-0.2451615184545517
5,sae_input,target,0.0005958549533054958,1.0,1.0,0.04133994271308509,0.986644407345576,0.9993307903366124,0.8184633255004883,0.45306116342544556,0.6415892243385315,-0.23620140552520752
5,sae_recons,target,0.0012313901803515347,1.0,1.0,0.0654546951415884,0.9849749582637729,0.9980592919761762,1.0865474939346313,0.45306116342544556,0.6415892243385315,-0.23620140552520752
5,sae_diff,target,0.0006566472236246324,1.0,1.0,0.03490524076957006,0.989983305509182,0.9994869392580696,0.8915566205978394,0.45306116342544556,0.6415892243385315,-0.23620140552520752
6,sae_input,target,0.0009325676432465591,1.0,1.0,0.001969500196844341,1.0,1.0,0.9347782731056213,0.398831307888031,0.6502668857574463,-0.24852238595485687
6,sae_recons,target,0.001831640241649743,1.0,1.0,0.006485693839697967,0.998330550918197,0.9999888290623115,1.2523921728134155,0.398831307888031,0.6502668857574463,-0.24852238595485687
6,sae_diff,target,0.0008931980936865804,1.0,1.0,0.002257562628524638,1.0,1.0,0.9845176935195923,0.398831307888031,0.6502668857574463,-0.24852238595485687
7,sae_input,target,0.000764739756563907,1.0,1.0,0.021599914125724904,0.993322203672788,0.9996989899440344,0.8713780045509338,0.4389864504337311,0.6438496112823486,-0.23555754125118256
7,sae_recons,target,0.0014465951088107852,1.0,1.0,0.042568306548853775,0.991652754590985,0.9987848112555464,1.1560033559799194,0.4389864504337311,0.6438496112823486,-0.23555754125118256
7,sae_diff,target,0.0007659312640351769,1.0,1.0,0.01850273180051533,0.994991652754591,0.9998327721911302,0.9319125413894653,0.4389864504337311,0.6438496112823486,-0.23555754125118256
8,sae_input,target,0.0008311893244934511,1.0,1.0,0.009384189363365094,0.994991652754591,0.9999665215935721,0.8953494429588318,0.4344615936279297,0.6610561609268188,-0.2231511026620865
8,sae_recons,target,0.0015918226468835844,1.0,1.0,0.020521391557449,0.991652754590985,0.9998214484990515,1.197380781173706,0.4344615936279297,0.6610561609268188,-0.2231511026620865
8,sae_diff,target,0.0008472363234738928,1.0,1.0,0.006564129332288285,0.996661101836394,0.9999888405311907,0.9676277041435242,0.4344615936279297,0.6610561609268188,-0.2231511026620865
9,sae_input,target,0.0008532966455553697,1.0,1.0,0.009387157646524565,0.998330550918197,0.9999330954504907,0.9096680879592896,0.41701608896255493,0.6706222295761108,-0.2148173451423645
9,sae_recons,target,0.0017890481640802256,1.0,1.0,0.007479047877652285,0.998330550918197,0.9999888492417485,1.2419061660766602,0.41701608896255493,0.6706222295761108,-0.2148173451423645
9,sae_diff,target,0.0008588110540606271,1.0,1.0,0.00672937428263023,0.998330550918197,0.9999776984834969,0.9696745872497559,0.41701608896255493,0.6706222295761108,-0.2148173451423645
10,sae_input,target,0.0009444552674033057,1.0,1.0,0.0015846311636580786,1.0,1.0,0.9361002445220947,0.41085565090179443,0.6475127339363098,-0.24057218432426453
10,sae_recons,target,0.0017851201701138217,1.0,1.0,0.00996043546294466,0.996661101836394,0.9999664871869345,1.2408652305603027,0.41085565090179443,0.6475127339363098,-0.24057218432426453
10,sae_diff,target,0.0008966488888538525,1.0,1.0,0.002154272677524343,1.0,1.0,0.9837777614593506,0.41085565090179443,0.6475127339363098,-0.24057218432426453
11,sae_input,target,0.0008225605443557447,1.0,1.0,0.010907855032948527,0.996661101836394,0.9999331014182499,0.9075947403907776,0.413779616355896,0.6415082216262817,-0.25865301489830017
11,sae_recons,target,0.0015731443687705363,1.0,1.0,0.02992650931882337,0.994991652754591,0.9992752653643743,1.193093180656433,0.413779616355896,0.6415082216262817,-0.25865301489830017
11,sae_diff,target,0.0008315494595643049,1.0,1.0,0.008973252624229875,0.996661101836394,0.9999665507091249,0.9644479155540466,0.413779616355896,0.6415082216262817,-0.25865301489830017
12,sae_input,target,0.0009455935041114811,1.0,1.0,0.0018572365224892137,1.0,1.0,0.9368144869804382,0.40147072076797485,0.6538161635398865,-0.2458021342754364
12,sae_recons,target,0.0018433565986541078,1.0,1.0,0.005808479564423224,0.996661101836394,1.0,1.2491786479949951,0.40147072076797485,0.6538161635398865,-0.2458021342754364
12,sae_diff,target,0.0009167565851606224,1.0,1.0,0.0014908164524497368,1.0,1.0,0.9874683618545532,0.40147072076797485,0.6538161635398865,-0.2458021342754364
13,sae_input,target,0.0007722837060843422,1.0,1.0,0.012898727141716785,0.996661101836394,0.999921883718335,0.8981815576553345,0.4057646095752716,0.6865666508674622,-0.22027575969696045
13,sae_recons,target,0.001819450628621956,1.0,1.0,0.006775201117456293,0.996661101836394,0.9999665215935721,1.2541441917419434,0.4057646095752716,0.6865666508674622,-0.22027575969696045
13,sae_diff,target,0.0008092681563306517,1.0,1.0,0.009264313112773287,0.998330550918197,0.9999330431871443,0.9649782180786133,0.4057646095752716,0.6865666508674622,-0.22027575969696045
14,sae_input,target,0.0007965294122432887,1.0,1.0,0.011691108893802888,0.998330550918197,0.9999218261413384,0.8973168134689331,0.4383436441421509,0.6379304528236389,-0.24553188681602478
14,sae_recons,target,0.0014348212771959177,1.0,1.0,0.028981133974749447,0.993322203672788,0.9992405968015724,1.1584900617599487,0.4383436441421509,0.6379304528236389,-0.24553188681602478
14,sae_diff,target,0.0008071528619151092,1.0,1.0,0.012275744213179013,0.996661101836394,0.9998883230590548,0.9545588493347168,0.4383436441421509,0.6379304528236389,-0.24553188681602478
15,sae_input,target,0.0008140018100657888,1.0,1.0,0.014777378812666251,0.994991652754591,0.9998661371647851,0.9034956693649292,0.4023827314376831,0.6803208589553833,-0.22594666481018066
15,sae_recons,target,0.0018127323794280372,1.0,1.0,0.008672775646022845,0.996661101836394,1.0,1.247789978981018,0.4023827314376831,0.6803208589553833,-0.22594666481018066
15,sae_diff,target,0.000835942362012355,1.0,1.0,0.010151310566167797,0.996661101836394,0.9999330685823926,0.9662466049194336,0.4023827314376831,0.6803208589553833,-0.22594666481018066
16,sae_input,target,0.000815317755142586,1.0,1.0,0.011890552462087924,0.998330550918197,0.9998661580673225,0.8993624448776245,0.4230518043041229,0.6436938047409058,-0.24242155253887177
16,sae_recons,target,0.001559082256110213,1.0,1.0,0.02070524376255398,0.996661101836394,0.9994200182917308,1.1898750066757202,0.4230518043041229,0.6436938047409058,-0.24242155253887177
16,sae_diff,target,0.0008081403874133319,1.0,1.0,0.010770737386344934,0.998330550918197,0.9998773115617122,0.9532839059829712,0.4230518043041229,0.6436938047409058,-0.24242155253887177
17,sae_input,target,0.0006801742114879933,1.0,1.0,0.025146371243158196,0.989983305509182,0.9997100479536076,0.8405904173851013,0.4123111367225647,0.6865764856338501,-0.22846567630767822
17,sae_recons,target,0.0015710972725323513,1.0,1.0,0.038229518282121934,0.989983305509182,0.9993977919036467,1.1693695783615112,0.4123111367225647,0.6865764856338501,-0.22846567630767822
17,sae_diff,target,0.0006927260052091889,1.0,1.0,0.03177954532137659,0.988313856427379,0.999721199955392,0.9052160382270813,0.4123111367225647,0.6865764856338501,-0.22846567630767822
18,sae_input,target,0.0007698432846557434,1.0,1.0,0.027662775130304493,0.993322203672788,0.9996986943421493,0.8630648851394653,0.43196165561676025,0.6517306566238403,-0.2191786766052246
18,sae_recons,target,0.0015234482801143774,1.0,1.0,0.027067099851968188,0.993322203672788,0.9993527508090614,1.1731489896774292,0.43196165561676025,0.6517306566238403,-0.2191786766052246
18,sae_diff,target,0.0007602041433365504,1.0,1.0,0.023534149743775715,0.993322203672788,0.9998102890302422,0.926546573638916,0.43196165561676025,0.6517306566238403,-0.2191786766052246
19,sae_input,target,0.0007500270314012967,1.0,1.0,0.01699876823697435,0.993322203672788,0.9998661759785882,0.8777390122413635,0.418714314699173,0.6816286444664001,-0.2127070426940918
19,sae_recons,target,0.0017042235627431103,1.0,1.0,0.015298665581725074,0.989983305509182,0.9998996319839412,1.2208802700042725,0.418714314699173,0.6816286444664001,-0.2127070426940918
19,sae_diff,target,0.0007929811059579185,1.0,1.0,0.011281837764431155,0.994991652754591,0.9999219359875098,0.9516103863716125,0.418714314699173,0.6816286444664001,-0.2127070426940918
20,sae_input,target,0.0008467341716877945,1.0,1.0,0.011013774495124955,0.996661101836394,0.9999442462087422,0.9070730209350586,0.3974631726741791,0.6719273328781128,-0.2360767275094986
20,sae_recons,target,0.001825948870305717,1.0,1.0,0.020353305435568087,0.993322203672788,0.9994982158786798,1.246259331703186,0.3974631726741791,0.6719273328781128,-0.2360767275094986
20,sae_diff,target,0.000835024108043491,1.0,1.0,0.00896851564462744,0.998330550918197,0.9999330954504906,0.964736819267273,0.3974631726741791,0.6719273328781128,-0.2360767275094986
21,sae_input,target,0.0007320201971711578,1.0,1.0,0.026409026613074843,0.994991652754591,0.9996985530546624,0.8652254939079285,0.4385380148887634,0.6526716351509094,-0.22387783229351044
21,sae_recons,target,0.0014964349686601554,1.0,1.0,0.03307742670751594,0.993322203672788,0.999084494462308,1.1658364534378052,0.4385380148887634,0.6526716351509094,-0.22387783229351044
21,sae_diff,target,0.0007638318604780527,1.0,1.0,0.020212783075232645,0.993322203672788,0.999799035369775,0.9353876709938049,0.4385380148887634,0.6526716351509094,-0.22387783229351044
22,sae_input,target,0.0006633931269170142,1.0,1.0,0.030972967965931825,0.991652754590985,0.9997315256057453,0.8407095074653625,0.4476475417613983,0.6579028367996216,-0.2031426876783371
22,sae_recons,target,0.001474740824607924,1.0,1.0,0.02602800827527301,0.994991652754591,0.9992393225496119,1.167633295059204,0.4476475417613983,0.6579028367996216,-0.2031426876783371
22,sae_diff,target,0.0007359785007548398,1.0,1.0,0.020887557362681424,0.993322203672788,0.9998769492359667,0.9259101152420044,0.4476475417613983,0.6579028367996216,-0.2031426876783371
23,sae_input,target,0.0008151724724730737,1.0,1.0,0.010220944368555664,0.996661101836394,0.9999219133461247,0.8975169062614441,0.40594181418418884,0.662947952747345,-0.23449882864952087
23,sae_recons,target,0.0017491150685794998,1.0,1.0,0.013997579753316626,0.991652754590985,0.9998661371647851,1.2247527837753296,0.40594181418418884,0.662947952747345,-0.23449882864952087
23,sae_diff,target,0.0008256912782962555,1.0,1.0,0.00789211658547493,0.996661101836394,0.9999776895274642,0.9604357481002808,0.40594181418418884,0.662947952747345,-0.23449882864952087
24,sae_input,target,0.0008032400270200834,1.0,1.0,0.0083377631629176,0.996661101836394,0.9999665342911963,0.8979049921035767,0.4279956817626953,0.6550867557525635,-0.2327105700969696
24,sae_recons,target,0.001603352446137341,1.0,1.0,0.02084876803427272,0.996661101836394,0.9996988086207665,1.2068867683410645,0.4279956817626953,0.6550867557525635,-0.2327105700969696
24,sae_diff,target,0.0008093957554630831,1.0,1.0,0.009810717862599723,0.996661101836394,0.9999442238186604,0.9560776352882385,0.4279956817626953,0.6550867557525635,-0.2327105700969696
25,sae_input,target,0.0009029496728198574,1.0,1.0,0.008250467682899073,0.996661101836394,1.0,0.9155928492546082,0.41642072796821594,0.6633943319320679,-0.2234422266483307
25,sae_recons,target,0.001775251130576889,1.0,1.0,0.012893309689607042,0.994991652754591,0.9999664969177164,1.239699125289917,0.41642072796821594,0.6633943319320679,-0.2234422266483307
25,sae_diff,target,0.0008823831488253942,1.0,1.0,0.005719870058176021,0.998330550918197,1.0,0.9755451083183289,0.41642072796821594,0.6633943319320679,-0.2234422266483307
26,sae_input,target,0.0008023831009153057,1.0,1.0,0.00990596763767273,0.996661101836394,0.9999553919928628,0.8943673372268677,0.41506874561309814,0.6735593676567078,-0.21736210584640503
26,sae_recons,target,0.00177679809510817,1.0,1.0,0.008638040842382014,0.996661101836394,0.999966543994647,1.2462384700775146,0.41506874561309814,0.6735593676567078,-0.21736210584640503
26,sae_diff,target,0.0008253854855434362,1.0,1.0,0.008387009197988586,0.996661101836394,0.999966543994647,0.9597089290618896,0.41506874561309814,0.6735593676567078,-0.21736210584640503
27,sae_input,target,0.0008576845538333697,1.0,1.0,0.008435973502763362,0.998330550918197,0.9999665477252454,0.9139512181282043,0.4119563102722168,0.6623727679252625,-0.24471190571784973
27,sae_recons,target,0.0016649593277530783,1.0,1.0,0.014681625299040322,0.993322203672788,0.9999107939339875,1.2226958274841309,0.4119563102722168,0.6623727679252625,-0.24471190571784973
27,sae_diff,target,0.000845721544890688,1.0,1.0,0.007180414890986474,0.998330550918197,0.9999776984834969,0.9697766304016113,0.4119563102722168,0.6623727679252625,-0.24471190571784973
28,sae_input,target,0.0008035550897425918,1.0,1.0,0.012008725696963284,0.994991652754591,0.99993310141825,0.8926013112068176,0.4407654404640198,0.6553837060928345,-0.22552210092544556
28,sae_recons,target,0.0016180286216749796,1.0,1.0,0.019034107582661705,0.993322203672788,0.9998439033092499,1.1996195316314697,0.4407654404640198,0.6553837060928345,-0.22552210092544556
28,sae_diff,target,0.0008348285245509385,1.0,1.0,0.008817392486000043,0.994991652754591,0.999966550709125,0.962794840335846,0.4407654404640198,0.6553837060928345,-0.22552210092544556
29,sae_input,target,0.0007612662104384151,1.0,1.0,0.029219908334303015,0.991652754590985,0.9995084787417056,0.8661938309669495,0.43073031306266785,0.6559061408042908,-0.22681741416454315
29,sae_recons,target,0.0015332321620176502,1.0,1.0,0.029154212412551794,0.994991652754591,0.998748854978887,1.1629047393798828,0.43073031306266785,0.6559061408042908,-0.22681741416454315
29,sae_diff,target,0.0007902567889420137,1.0,1.0,0.021419651478436757,0.993322203672788,0.9996537009316563,0.9356274008750916,0.43073031306266785,0.6559061408042908,-0.22681741416454315
30,sae_input,target,0.0009259422632785145,1.0,1.0,0.004290527589472505,0.996661101836394,1.0,0.9233880043029785,0.40441763401031494,0.6584196090698242,-0.2435995191335678
30,sae_recons,target,0.0017823297395294614,1.0,1.0,0.008901728112894096,0.996661101836394,0.9999776705966417,1.2481606006622314,0.40441763401031494,0.6584196090698242,-0.2435995191335678
30,sae_diff,target,0.0008812863818095307,1.0,1.0,0.004230777142269602,0.998330550918197,1.0,0.9750166535377502,0.40441763401031494,0.6584196090698242,-0.2435995191335678
31,sae_input,target,0.0009071466441026937,1.0,1.0,0.008195981950134516,0.996661101836394,0.9999888492417485,0.912144124507904,0.41908785700798035,0.6623890399932861,-0.22228901088237762
31,sae_recons,target,0.001785480146260535,1.0,1.0,0.0067307341415673945,0.998330550918197,0.9999888492417485,1.2429131269454956,0.41908785700798035,0.6623890399932861,-0.22228901088237762
31,sae_diff,target,0.0008820265171340173,1.0,1.0,0.006604736188723153,0.996661101836394,1.0,0.9744775295257568,0.41908785700798035,0.6623890399932861,-0.22228901088237762
32,sae_input,target,0.0008584478056323434,1.0,1.0,0.00537635409567048,0.996661101836394,0.9999888509822284,0.9240951538085938,0.4039095342159271,0.6681711077690125,-0.23600490391254425
32,sae_recons,target,0.001835256226417951,1.0,1.0,0.007503099564245276,0.998330550918197,0.9999665529466853,1.2575987577438354,0.4039095342159271,0.6681711077690125,-0.23600490391254425
32,sae_diff,target,0.0008530915048719623,1.0,1.0,0.005184854965033627,0.998330550918197,0.9999888509822284,0.9746921062469482,0.4039095342159271,0.6681711077690125,-0.23600490391254425
33,sae_input,target,0.000833495882231549,1.0,1.0,0.010716084851202599,0.996661101836394,0.9999218994064355,0.9047866463661194,0.4078712463378906,0.6767566800117493,-0.22690445184707642
33,sae_recons,target,0.0017451797097838941,1.0,1.0,0.009032958492612769,0.998330550918197,0.9999888427723479,1.2292094230651855,0.4078712463378906,0.6767566800117493,-0.22690445184707642
33,sae_diff,target,0.0008430808779393447,1.0,1.0,0.007463480725621074,0.998330550918197,0.9999665283170438,0.9703559279441833,0.4078712463378906,0.6767566800117493,-0.22690445184707642
34,sae_input,target,0.0008209086492359533,1.0,1.0,0.017118203330074022,0.994991652754591,0.9997211190933024,0.8824146389961243,0.44221949577331543,0.6225181221961975,-0.2463380992412567
34,sae_recons,target,0.0013838024159059587,1.0,1.0,0.03134046974720145,0.993322203672788,0.9990071839721565,1.142225742340088,0.44221949577331543,0.6225181221961975,-0.2463380992412567
34,sae_diff,target,0.0007940287794564996,1.0,1.0,0.016111463816271026,0.994991652754591,0.9998438266922494,0.9399480819702148,0.44221949577331543,0.6225181221961975,-0.2463380992412567
35,sae_input,target,0.0008323729289428913,1.0,1.0,0.011487776209876373,0.996661101836394,0.999933087989294,0.8989158868789673,0.4178573787212372,0.6522180438041687,-0.2492116242647171
35,sae_recons,target,0.0015973077415412883,1.0,1.0,0.01871620040639318,0.994991652754591,0.9997100479536076,1.1980500221252441,0.4178573787212372,0.6522180438041687,-0.2492116242647171
35,sae_diff,target,0.0008290531303471241,1.0,1.0,0.009196836247543609,0.996661101836394,0.999966543994647,0.956817090511322,0.4178573787212372,0.6522180438041687,-0.2492116242647171
36,sae_input,target,0.0008969905711740679,1.0,1.0,0.009079669676939829,0.998330550918197,0.9999107242495258,0.911636233329773,0.4121842086315155,0.6610090136528015,-0.2351515144109726
36,sae_recons,target,0.0017453864005298903,1.0,1.0,0.01727670541039754,0.993322203672788,0.9998102890302422,1.2272881269454956,0.4121842086315155,0.6610090136528015,-0.2351515144109726
36,sae_diff,target,0.0008771110476273534,1.0,1.0,0.006972656506356402,0.998330550918197,0.9999665215935721,0.9710686206817627,0.4121842086315155,0.6610090136528015,-0.2351515144109726
37,sae_input,target,0.0007901999805360555,1.0,1.0,0.013399612410938707,0.993322203672788,0.9999330431871443,0.8929044604301453,0.41989684104919434,0.6579560041427612,-0.2341342568397522
37,sae_recons,target,0.0016579509626564802,1.0,1.0,0.02124433684928534,0.994991652754591,0.9995870996540565,1.215450644493103,0.41989684104919434,0.6579560041427612,-0.2341342568397522
37,sae_diff,target,0.0007964253756812205,1.0,1.0,0.00965087713474584,0.998330550918197,0.9999776810623815,0.951554000377655,0.41989684104919434,0.6579560041427612,-0.2341342568397522
38,sae_input,target,0.0007570557802235262,1.0,1.0,0.016365052976760414,0.994991652754591,0.9998995849511314,0.8720623254776001,0.41049695014953613,0.6833676099777222,-0.2052256315946579
38,sae_recons,target,0.001693638284189193,1.0,1.0,0.013718479241165574,0.996661101836394,0.9998772704958272,1.2280290126800537,0.41049695014953613,0.6833676099777222,-0.2052256315946579
38,sae_diff,target,0.0007764227705790861,1.0,1.0,0.013690278134375842,0.993322203672788,0.9999442138617397,0.9415716528892517,0.41049695014953613,0.6833676099777222,-0.2052256315946579
39,sae_input,target,0.0007370231390672361,1.0,1.0,0.023589817439729006,0.993322203672788,0.999687827502397,0.8655113577842712,0.44497066736221313,0.6567586064338684,-0.21785661578178406
39,sae_recons,target,0.0015238228950838729,1.0,1.0,0.03097710045986735,0.991652754590985,0.9993756550047941,1.1729726791381836,0.44497066736221313,0.6567586064338684,-0.21785661578178406
39,sae_diff,target,0.0007816276902491071,1.0,1.0,0.017911046713322245,0.993322203672788,0.9997993176801124,0.9392522573471069,0.44497066736221313,0.6567586064338684,-0.21785661578178406
40,sae_input,target,0.0007290350316849901,1.0,1.0,0.019618880697066514,0.994991652754591,0.9998326714559814,0.8779785633087158,0.41535213589668274,0.6786640286445618,-0.22744931280612946
40,sae_recons,target,0.0016299658433904097,1.0,1.0,0.02241389597520592,0.991652754590985,0.9996988086207665,1.2089577913284302,0.41535213589668274,0.6786640286445618,-0.22744931280612946
40,sae_diff,target,0.0007482593126088274,1.0,1.0,0.016769751881283223,0.994991652754591,0.999877292401053,0.9374956488609314,0.41535213589668274,0.6786640286445618,-0.22744931280612946
41,sae_input,target,0.0007319735262686539,1.0,1.0,0.01965590777113665,0.994991652754591,0.9998550692323129,0.8772403001785278,0.4278285503387451,0.6731563210487366,-0.21487152576446533
41,sae_recons,target,0.0016396768225375605,1.0,1.0,0.020073149448087316,0.996661101836394,0.9993087917233383,1.2029163837432861,0.4278285503387451,0.6731563210487366,-0.21487152576446533
41,sae_diff,target,0.0007776748494382476,1.0,1.0,0.01614545348039143,0.994991652754591,0.9998885147940868,0.9446712136268616,0.4278285503387451,0.6731563210487366,-0.21487152576446533
42,sae_input,target,0.000775072620887077,1.0,1.0,0.017392346871055214,0.994991652754591,0.9996432075639996,0.8809370398521423,0.42172902822494507,0.642128586769104,-0.24398569762706757
42,sae_recons,target,0.0014937141275316837,1.0,1.0,0.026200151546889427,0.994991652754591,0.9990299705646241,1.1709660291671753,0.42172902822494507,0.642128586769104,-0.24398569762706757
42,sae_diff,target,0.0007784642663648843,1.0,1.0,0.015545984508620367,0.994991652754591,0.9996766568548746,0.9386636018753052,0.42172902822494507,0.642128586769104,-0.24398569762706757
43,sae_input,target,0.0008302612537516161,1.0,1.0,0.008170912102389348,0.994991652754591,0.9999553790549284,0.9060536623001099,0.3980492353439331,0.6793348789215088,-0.23404410481452942
43,sae_recons,target,0.0017647970772007543,1.0,1.0,0.010504414259559098,0.998330550918197,0.9999330685823926,1.2412214279174805,0.3980492353439331,0.6793348789215088,-0.23404410481452942
43,sae_diff,target,0.0008079022951495452,1.0,1.0,0.009244719770938398,0.994991652754591,0.9999665342911963,0.9567526578903198,0.3980492353439331,0.6793348789215088,-0.23404410481452942
44,sae_input,target,0.0009210555426040703,1.0,1.0,0.004284411473879256,0.998330550918197,1.0,0.9231821894645691,0.42261090874671936,0.6495082378387451,-0.24448983371257782
44,sae_recons,target,0.001714042951868329,1.0,1.0,0.022648199893540104,0.994991652754591,0.9994533934228726,1.221974492073059,0.42261090874671936,0.6495082378387451,-0.24448983371257782
44,sae_diff,target,0.0009019851640792579,1.0,1.0,0.002340512553882902,1.0,1.0,0.9834387302398682,0.42261090874671936,0.6495082378387451,-0.24448983371257782
45,sae_input,target,0.0008194445156087275,1.0,1.0,0.013519389037305023,0.994991652754591,0.9999108118352694,0.8999140858650208,0.4036726653575897,0.669754147529602,-0.2390749752521515
45,sae_recons,target,0.001781418333296707,1.0,1.0,0.015254702268306086,0.991652754590985,0.9998996633146782,1.2261741161346436,0.4036726653575897,0.669754147529602,-0.2390749752521515
45,sae_diff,target,0.0008282640234128749,1.0,1.0,0.010379610771718364,0.994991652754591,0.9999554059176348,0.9598713517189026,0.4036726653575897,0.669754147529602,-0.2390749752521515
46,sae_input,target,0.0009201480662621047,1.0,1.0,0.0040955540906666196,0.998330550918197,1.0,0.923330545425415,0.41378074884414673,0.6433003544807434,-0.25430601835250854
46,sae_recons,target,0.0017160922503622958,1.0,1.0,0.017259556432281355,0.993322203672788,0.9998102890302422,1.224145770072937,0.41378074884414673,0.6433003544807434,-0.25430601835250854
46,sae_diff,target,0.0008646441804382872,1.0,1.0,0.004080688434617454,1.0,1.0,0.9715269207954407,0.41378074884414673,0.6433003544807434,-0.25430601835250854
47,sae_input,target,0.0007808980920361992,1.0,1.0,0.021810164965104694,0.993322203672788,0.9997767059664165,0.8803677558898926,0.4377951920032501,0.6308945417404175,-0.24844202399253845
47,sae_recons,target,0.0014246256442163154,1.0,1.0,0.039031516654005456,0.993322203672788,0.999017506252233,1.149689793586731,0.4377951920032501,0.6308945417404175,-0.24844202399253845
47,sae_diff,target,0.0007692510513737663,1.0,1.0,0.02094032248497324,0.993322203672788,0.9998102000714542,0.9338869452476501,0.4377951920032501,0.6308945417404175,-0.24844202399253845
48,sae_input,target,0.0006787737930408937,1.0,1.0,0.02239886208937472,0.993322203672788,0.9998327199732352,0.851299524307251,0.43504977226257324,0.6772035360336304,-0.212199404835701
48,sae_recons,target,0.0015775618062702009,1.0,1.0,0.02699986627948309,0.991652754590985,0.9995650719304116,1.1899062395095825,0.43504977226257324,0.6772035360336304,-0.212199404835701
48,sae_diff,target,0.0007477337253683414,1.0,1.0,0.016011048990010105,0.993322203672788,0.9999107839857254,0.9334909319877625,0.43504977226257324,0.6772035360336304,-0.212199404835701
49,sae_input,target,0.0008304108732526468,1.0,1.0,0.011181891840465356,0.994991652754591,0.9999330566340876,0.8972915410995483,0.42359086871147156,0.6673204302787781,-0.22242048382759094
49,sae_recons,target,0.0016800464008508063,1.0,1.0,0.014818370341478426,0.993322203672788,0.9998549560405231,1.2158006429672241,0.42359086871147156,0.6673204302787781,-0.22242048382759094
49,sae_diff,target,0.0008383702960316759,1.0,1.0,0.011031937011789596,0.996661101836394,0.9999442138617396,0.9596105813980103,0.42359086871147156,0.6673204302787781,-0.22242048382759094
50,sae_input,target,0.0008136159314312733,1.0,1.0,0.010720766887145424,0.993322203672788,0.9999665395168307,0.9072300791740417,0.4123738706111908,0.6684355735778809,-0.23058778047561646
50,sae_recons,target,0.001708950088052132,1.0,1.0,0.013794489409958371,0.996661101836394,0.9999107720448817,1.2283021211624146,0.4123738706111908,0.6684355735778809,-0.23058778047561646
50,sae_diff,target,0.0008330840353778252,1.0,1.0,0.007732427357714866,0.998330550918197,0.9999888465056103,0.9663180112838745,0.4123738706111908,0.6684355735778809,-0.23058778047561646
51,sae_input,target,0.0007597235530218317,1.0,1.0,0.02361148118877049,0.991652754590985,0.999810289030242,0.8736730217933655,0.4235452115535736,0.6617705225944519,-0.23355677723884583
51,sae_recons,target,0.0016288432444892726,1.0,1.0,0.026788116856583975,0.993322203672788,0.9995982591228657,1.1969082355499268,0.4235452115535736,0.6617705225944519,-0.23355677723884583
51,sae_diff,target,0.0007710198832029337,1.0,1.0,0.018374641870835,0.993322203672788,0.9998660863742885,0.9372444152832031,0.4235452115535736,0.6617705225944519,-0.23355677723884583
52,sae_input,target,0.0007349586766302159,1.0,1.0,0.021895998415821794,0.994991652754591,0.9997993311036789,0.8593752980232239,0.42729949951171875,0.6750832796096802,-0.22649306058883667
52,sae_recons,target,0.0015101707367917768,1.0,1.0,0.03817380892019063,0.9849749582637729,0.9993979933110368,1.1628074645996094,0.42729949951171875,0.6750832796096802,-0.22649306058883667
52,sae_diff,target,0.000749658072399214,1.0,1.0,0.020873393539808015,0.993322203672788,0.9998550724637681,0.927632749080658,0.42729949951171875,0.6750832796096802,-0.22649306058883667
53,sae_input,target,0.0008978207266400594,1.0,1.0,0.00824397713032701,0.994991652754591,0.9999776705966417,0.9106783270835876,0.40134498476982117,0.6746054291725159,-0.2340717911720276
53,sae_recons,target,0.0018416801243113451,1.0,1.0,0.009616250101131336,0.996661101836394,0.9999665058949625,1.2483272552490234,0.40134498476982117,0.6746054291725159,-0.2340717911720276
53,sae_diff,target,0.000861524573473552,1.0,1.0,0.009245793423905647,0.994991652754591,0.9999665058949625,0.9665587544441223,0.40134498476982117,0.6746054291725159,-0.2340717911720276
54,sae_input,target,0.0007601443264646795,1.0,1.0,0.0195251690478459,0.991652754590985,0.9998429577780769,0.8809906244277954,0.41204574704170227,0.6835296750068665,-0.22434654831886292
54,sae_recons,target,0.0016641676459433464,1.0,1.0,0.018027932522419438,0.993322203672788,0.9998878269843406,1.2136435508728027,0.41204574704170227,0.6835296750068665,-0.22434654831886292
54,sae_diff,target,0.000782294382815965,1.0,1.0,0.015212546337915188,0.993322203672788,0.9999214788890384,0.9419953227043152,0.41204574704170227,0.6835296750068665,-0.22434654831886292
55,sae_input,target,0.0008493980882424562,1.0,1.0,0.01013702144410152,0.998330550918197,0.9998885098222847,0.9088232517242432,0.4121493995189667,0.673606812953949,-0.22064603865146637
55,sae_recons,target,0.0017763293855825488,1.0,1.0,0.008802886774709542,0.998330550918197,0.9999665529466855,1.2456095218658447,0.4121493995189667,0.673606812953949,-0.22064603865146637
55,sae_diff,target,0.0008312239220519244,1.0,1.0,0.010246476656315184,0.996661101836394,0.9999442549111424,0.9655588269233704,0.4121493995189667,0.673606812953949,-0.22064603865146637
56,sae_input,target,0.0008299968360294187,1.0,1.0,0.014342394863561925,0.996661101836394,0.99984376743667,0.8999112248420715,0.43530213832855225,0.6388238072395325,-0.23286578059196472
56,sae_recons,target,0.001559823721909989,1.0,1.0,0.021162933848734557,0.996661101836394,0.999453186028345,1.1889907121658325,0.43530213832855225,0.6388238072395325,-0.23286578059196472
56,sae_diff,target,0.0008289306688224791,1.0,1.0,0.011993592206673424,0.996661101836394,0.9999107242495258,0.958545982837677,0.43530213832855225,0.6388238072395325,-0.23286578059196472
57,sae_input,target,0.0008015133041584283,1.0,1.0,0.008592842589352483,0.994991652754591,0.9999776760799197,0.8972713351249695,0.43538394570350647,0.6538448333740234,-0.2408398985862732
57,sae_recons,target,0.001586517560436407,1.0,1.0,0.025871708801883622,0.993322203672788,0.9995981694385534,1.1926504373550415,0.43538394570350647,0.6538448333740234,-0.2408398985862732
57,sae_diff,target,0.0008140220822544965,1.0,1.0,0.009468492244221095,0.994991652754591,0.9999553521598393,0.9560000896453857,0.43538394570350647,0.6538448333740234,-0.2408398985862732
58,sae_input,target,0.0009605586943883581,1.0,1.0,0.002984634368287085,0.998330550918197,1.0,0.9302905201911926,0.38220086693763733,0.6582022905349731,-0.26450684666633606
58,sae_recons,target,0.0018028283704220687,1.0,1.0,0.013650513479142477,0.994991652754591,0.9999554059176348,1.2388434410095215,0.38220086693763733,0.6582022905349731,-0.26450684666633606
58,sae_diff,target,0.0008776503771488171,1.0,1.0,0.00641071140845521,0.998330550918197,0.9999777029588173,0.9717206954956055,0.38220086693763733,0.6582022905349731,-0.26450684666633606
59,sae_input,target,0.0008205247470732543,1.0,1.0,0.013099087796541325,0.996661101836394,0.9997993311036789,0.8872168660163879,0.4261894226074219,0.6428400278091431,-0.23316162824630737
59,sae_recons,target,0.0016038873982471221,1.0,1.0,0.02247600655779878,0.996661101836394,0.9991527313266444,1.187788724899292,0.4261894226074219,0.6428400278091431,-0.23316162824630737
59,sae_diff,target,0.0008032035237684639,1.0,1.0,0.013814974970191142,0.996661101836394,0.9998550724637681,0.9440869092941284,0.4261894226074219,0.6428400278091431,-0.23316162824630737
60,sae_input,target,0.0008193537013448045,1.0,1.0,0.010785845341396084,0.994991652754591,0.9999888405311907,0.9015906453132629,0.4243302345275879,0.6637295484542847,-0.2290264368057251
60,sae_recons,target,0.0016118834403928623,1.0,1.0,0.023338817988797576,0.994991652754591,0.9997544916861958,1.1996926069259644,0.4243302345275879,0.6637295484542847,-0.2290264368057251
60,sae_diff,target,0.0008126659159771176,1.0,1.0,0.00988439972294477,0.994991652754591,0.9999665215935721,0.9549264907836914,0.4243302345275879,0.6637295484542847,-0.2290264368057251
61,sae_input,target,0.0008232190794457529,1.0,1.0,0.011055190981707552,0.998330550918197,0.999921883718335,0.9008291959762573,0.41807830333709717,0.6427453756332397,-0.2494749277830124
61,sae_recons,target,0.0015391603377054208,1.0,1.0,0.020321544074193253,0.996661101836394,0.9993862292154894,1.1858012676239014,0.41807830333709717,0.6427453756332397,-0.2494749277830124
61,sae_diff,target,0.0008232978905519783,1.0,1.0,0.009774250436494514,0.998330550918197,0.9999107242495258,0.9558917284011841,0.41807830333709717,0.6427453756332397,-0.2494749277830124
62,sae_input,target,0.0009036258786751393,1.0,1.0,0.005880843291762161,0.998330550918197,0.9999777034559644,0.9270053505897522,0.41596314311027527,0.6551514863967896,-0.24241897463798523
62,sae_recons,target,0.0017193803816187376,1.0,1.0,0.014426799160861162,0.994991652754591,0.9998885172798216,1.235396146774292,0.41596314311027527,0.6551514863967896,-0.24241897463798523
62,sae_diff,target,0.0008888987807439983,1.0,1.0,0.004786650449905219,0.998330550918197,1.0,0.9828721284866333,0.41596314311027527,0.6551514863967896,-0.24241897463798523
63,sae_input,target,0.0007671305732565379,1.0,1.0,0.019152613514731392,0.994991652754591,0.9999219516546249,0.888077974319458,0.4231843948364258,0.6646336913108826,-0.22443991899490356
63,sae_recons,target,0.0016186353190053837,1.0,1.0,0.02268303537336051,0.994991652754591,0.9997435554366247,1.2058029174804688,0.4231843948364258,0.6646336913108826,-0.22443991899490356
63,sae_diff,target,0.0007945251656847587,1.0,1.0,0.014111453691722689,0.994991652754591,0.999966550709125,0.9526249766349792,0.4231843948364258,0.6646336913108826,-0.22443991899490356
64,sae_input,target,0.0007761521324787647,1.0,1.0,0.015514505860026855,0.996661101836394,0.9998327199732352,0.8777912259101868,0.4304625391960144,0.6517080664634705,-0.22315704822540283
64,sae_recons,target,0.0015596519319105765,1.0,1.0,0.025224293457644712,0.994991652754591,0.9989740158358426,1.1792670488357544,0.4304625391960144,0.6517080664634705,-0.22315704822540283
64,sae_diff,target,0.0008036800685741443,1.0,1.0,0.013717614365661992,0.994991652754591,0.9998884799821568,0.9440924525260925,0.4304625391960144,0.6517080664634705,-0.22315704822540283
65,sae_input,target,0.0007773239026908779,1.0,1.0,0.015408797873834184,0.994991652754591,0.999810200071454,0.8836363554000854,0.42413145303726196,0.6421157121658325,-0.24207819998264313
65,sae_recons,target,0.0015269020447471785,1.0,1.0,0.025084875514811165,0.994991652754591,0.9993412826009289,1.1839579343795776,0.42413145303726196,0.6421157121658325,-0.24207819998264313
65,sae_diff,target,0.0007889060000188767,1.0,1.0,0.014140185312252761,0.996661101836394,0.9998436941764915,0.9460576176643372,0.42413145303726196,0.6421157121658325,-0.24207819998264313
66,sae_input,target,0.0008209601330209857,1.0,1.0,0.01994468529256983,0.993322203672788,0.999799035369775,0.8844038248062134,0.4135834574699402,0.6431301236152649,-0.24160753190517426
66,sae_recons,target,0.0015649587550265358,1.0,1.0,0.025300156407299292,0.994991652754591,0.9993524473026081,1.1753367185592651,0.4135834574699402,0.6431301236152649,-0.24160753190517426
66,sae_diff,target,0.0007999943347672068,1.0,1.0,0.017566799402407608,0.994991652754591,0.9998883529832083,0.9421972632408142,0.4135834574699402,0.6431301236152649,-0.24160753190517426
67,sae_input,target,0.0008106731028892775,1.0,1.0,0.007858171300480379,0.994991652754591,0.9999776959964314,0.9098480939865112,0.4276353418827057,0.6748794317245483,-0.22433841228485107
67,sae_recons,target,0.001713144244327688,1.0,1.0,0.00980516215078866,0.996661101836394,0.9999553919928628,1.2370413541793823,0.4276353418827057,0.6748794317245483,-0.22433841228485107
67,sae_diff,target,0.0008466321960813282,1.0,1.0,0.005480302551249271,0.996661101836394,0.9999888479982156,0.9723960161209106,0.4276353418827057,0.6748794317245483,-0.22433841228485107
68,sae_input,target,0.0009207296831415293,1.0,1.0,0.0035710013221476435,0.998330550918197,1.0,0.9306328892707825,0.4174778163433075,0.6620608568191528,-0.23978471755981445
68,sae_recons,target,0.0018137360815131261,1.0,1.0,0.007238171278435801,0.998330550918197,1.0,1.2483118772506714,0.4174778163433075,0.6620608568191528,-0.23978471755981445
68,sae_diff,target,0.0009044514382647356,1.0,1.0,0.0026282205157502105,1.0,1.0,0.9862029552459717,0.4174778163433075,0.6620608568191528,-0.23978471755981445
69,sae_input,target,0.00081090519703524,1.0,1.0,0.014082251050591707,0.993322203672788,0.999899643175736,0.8944158554077148,0.41833895444869995,0.666834831237793,-0.22590798139572144
69,sae_recons,target,0.001738202145415725,1.0,1.0,0.016879159327233485,0.989983305509182,0.9998661909009813,1.2233599424362183,0.41833895444869995,0.666834831237793,-0.22590798139572144
69,sae_diff,target,0.0008310757832266285,1.0,1.0,0.007894836157259524,0.996661101836394,0.9999776984834969,0.9625060558319092,0.41833895444869995,0.666834831237793,-0.22590798139572144
70,sae_input,target,0.0008470191463144654,1.0,1.0,0.008980994376863007,0.996661101836394,0.9999441764916042,0.9105427861213684,0.3970433175563812,0.6679103970527649,-0.24554063379764557
70,sae_recons,target,0.0017890733926350124,1.0,1.0,0.009019035558158342,0.998330550918197,0.9999665058949625,1.244944453239441,0.3970433175563812,0.6679103970527649,-0.24554063379764557
70,sae_diff,target,0.0008229796167453454,1.0,1.0,0.009595974519681425,0.996661101836394,0.9999553411932832,0.9585167765617371,0.3970433175563812,0.6679103970527649,-0.24554063379764557
71,sae_input,target,0.0007245292201807121,1.0,1.0,0.022144425455531642,0.994991652754591,0.9998103271299148,0.8733146786689758,0.4295203685760498,0.6885284781455994,-0.2141476273536682
71,sae_recons,target,0.001602048335956638,1.0,1.0,0.024857145189621243,0.993322203672788,0.9997322265363502,1.205423355102539,0.4295203685760498,0.6885284781455994,-0.2141476273536682
71,sae_diff,target,0.0007791280902410059,1.0,1.0,0.016228156058542654,0.993322203672788,0.9999107421787834,0.9477623701095581,0.4295203685760498,0.6885284781455994,-0.2141476273536682
72,sae_input,target,0.0008024319016341491,1.0,1.0,0.01328875699010634,0.996661101836394,0.9998876379244478,0.8919712901115417,0.42206597328186035,0.672213077545166,-0.22509655356407166
72,sae_recons,target,0.001667225263692085,1.0,1.0,0.013477430352819666,0.994991652754591,0.9999213465471135,1.2192599773406982,0.42206597328186035,0.672213077545166,-0.22509655356407166
72,sae_diff,target,0.0008172898696204505,1.0,1.0,0.010158914470143974,0.998330550918197,0.9999550551697791,0.9570550322532654,0.42206597328186035,0.672213077545166,-0.22509655356407166
73,sae_input,target,0.0008702538762872539,1.0,1.0,0.014051947188596526,0.996661101836394,0.9997324355058084,0.9070345163345337,0.4136900007724762,0.6468293070793152,-0.240467369556427
73,sae_recons,target,0.0016543069117863967,1.0,1.0,0.01771432017169736,0.998330550918197,0.9993422372851122,1.2080639600753784,0.4136900007724762,0.6468293070793152,-0.240467369556427
73,sae_diff,target,0.0008331908569941941,1.0,1.0,0.012536572782601767,0.996661101836394,0.9997993266293563,0.9593895077705383,0.4136900007724762,0.6468293070793152,-0.240467369556427
74,sae_input,target,0.0008045469956828362,1.0,1.0,0.01697004267222245,0.996661101836394,0.9998550692323128,0.8930440545082092,0.4131561517715454,0.6599401831626892,-0.23374052345752716
74,sae_recons,target,0.0016319482770024286,1.0,1.0,0.01699372756829647,0.998330550918197,0.9993533858057035,1.2032756805419922,0.4131561517715454,0.6599401831626892,-0.23374052345752716
74,sae_diff,target,0.0008161290165519579,1.0,1.0,0.013951693364353675,0.996661101836394,0.999899663314678,0.9531091451644897,0.4131561517715454,0.6599401831626892,-0.23374052345752716
75,sae_input,target,0.0008757689404728062,1.0,1.0,0.005757564206168191,0.998330550918197,0.9999888479982156,0.9172801375389099,0.3940587341785431,0.6469194293022156,-0.2610704004764557
75,sae_recons,target,0.0016957322819315674,1.0,1.0,0.014582475171975504,0.996661101836394,0.9998327199732352,1.2234469652175903,0.3940587341785431,0.6469194293022156,-0.2610704004764557
75,sae_diff,target,0.0008474540303028769,1.0,1.0,0.0055719940645290195,0.998330550918197,1.0,0.9685730338096619,0.3940587341785431,0.6469194293022156,-0.2610704004764557
76,sae_input,target,0.0007755504706937512,1.0,1.0,0.014773397339380568,0.994991652754591,0.999899663314678,0.8938296437263489,0.41641485691070557,0.6706454157829285,-0.22931942343711853
76,sae_recons,target,0.0016930532795056,1.0,1.0,0.022162148334463196,0.996661101836394,0.9996320988204864,1.2327027320861816,0.41641485691070557,0.6706454157829285,-0.22931942343711853
76,sae_diff,target,0.0008064153902713474,1.0,1.0,0.011749068660576073,0.996661101836394,0.999966554438226,0.9602850079536438,0.41641485691070557,0.6706454157829285,-0.22931942343711853
77,sae_input,target,0.0007531217166208481,1.0,1.0,0.02188142059563898,0.993322203672788,0.99974280985821,0.8723397254943848,0.4407218396663666,0.6289748549461365,-0.2359890192747116
77,sae_recons,target,0.001385059339355964,1.0,1.0,0.027961129390125326,0.993322203672788,0.9993626157355637,1.1490933895111084,0.4407218396663666,0.6289748549461365,-0.2359890192747116
77,sae_diff,target,0.0007591039718811133,1.0,1.0,0.020152834916176258,0.993322203672788,0.9998434494789105,0.9317348003387451,0.4407218396663666,0.6289748549461365,-0.2359890192747116
78,sae_input,target,0.0009100041374226551,1.0,1.0,0.00457150941297885,0.998330550918197,1.0,0.917672872543335,0.41092973947525024,0.6513550877571106,-0.2435927838087082
78,sae_recons,target,0.0017327205351681944,1.0,1.0,0.013730054934468812,0.994991652754591,0.9999219255392714,1.2235333919525146,0.41092973947525024,0.6513550877571106,-0.2435927838087082
78,sae_diff,target,0.0008663507685010539,1.0,1.0,0.006636233960615574,0.998330550918197,0.9999888465056102,0.9679255485534668,0.41092973947525024,0.6513550877571106,-0.2435927838087082
79,sae_input,target,0.0009235250658131713,1.0,1.0,0.006591675231619805,0.998330550918197,0.9999888178199221,0.9223129749298096,0.39785584807395935,0.6686493754386902,-0.23037494719028473
79,sae_recons,target,0.0018918546491215056,1.0,1.0,0.004656237704843925,0.998330550918197,1.0,1.2634228467941284,0.39785584807395935,0.6686493754386902,-0.23037494719028473
79,sae_diff,target,0.0008881055269624275,1.0,1.0,0.005385064452582682,0.998330550918197,1.0,0.9784805178642273,0.39785584807395935,0.6686493754386902,-0.23037494719028473
80,sae_input,target,0.0007685712731628466,1.0,1.0,0.016183431412857264,0.996661101836394,0.9998216157156555,0.8835533261299133,0.4348864257335663,0.6389346122741699,-0.24093270301818848
80,sae_recons,target,0.0014455551149555681,1.0,1.0,0.0324800351564539,0.993322203672788,0.9989631413472474,1.1554850339889526,0.4348864257335663,0.6389346122741699,-0.24093270301818848
80,sae_diff,target,0.000781705780010998,1.0,1.0,0.014105464691765728,0.996661101836394,0.9998439137511985,0.9410484433174133,0.4348864257335663,0.6389346122741699,-0.24093270301818848
81,sae_input,target,0.0009096516044481601,1.0,1.0,0.003881789639608798,0.998330550918197,1.0,0.9231929779052734,0.42305314540863037,0.6544618606567383,-0.2306668758392334
81,sae_recons,target,0.0018482031853653746,1.0,1.0,0.004270336881744204,1.0,1.0,1.253146767616272,0.42305314540863037,0.6544618606567383,-0.2306668758392334
81,sae_diff,target,0.000898384210349626,1.0,1.0,0.002782618904810641,1.0,1.0,0.9808976054191589,0.42305314540863037,0.6544618606567383,-0.2306668758392334
82,sae_input,target,0.0008660765293598189,1.0,1.0,0.0044527878574714954,1.0,1.0,0.9136729836463928,0.4035717844963074,0.6576775908470154,-0.24542278051376343
82,sae_recons,target,0.0017232177653349046,1.0,1.0,0.013307644635190439,0.993322203672788,0.9999107043196785,1.2273318767547607,0.4035717844963074,0.6576775908470154,-0.24542278051376343
82,sae_diff,target,0.000842434578111278,1.0,1.0,0.00505702970310069,1.0,1.0,0.9645044803619385,0.4035717844963074,0.6576775908470154,-0.24542278051376343
83,sae_input,target,0.0008786380919881936,1.0,1.0,0.013870032761115349,0.996661101836394,0.9997096399535425,0.908419132232666,0.43687885999679565,0.6309580206871033,-0.25202512741088867
83,sae_recons,target,0.0015389118342170611,1.0,1.0,0.034118785717586746,0.994991652754591,0.9986598767086572,1.1757800579071045,0.43687885999679565,0.6309580206871033,-0.25202512741088867
83,sae_diff,target,0.0008427458515642809,1.0,1.0,0.012794634117593694,0.996661101836394,0.9998436522826766,0.9601978063583374,0.43687885999679565,0.6309580206871033,-0.25202512741088867
84,sae_input,target,0.0007345195167171351,1.0,1.0,0.019415759876962688,0.994991652754591,0.9998102466793168,0.8705111742019653,0.44039857387542725,0.6616606116294861,-0.22104431688785553
84,sae_recons,target,0.0015389891494715282,1.0,1.0,0.03377439849674989,0.994991652754591,0.9987275365554191,1.178438425064087,0.44039857387542725,0.6616606116294861,-0.22104431688785553
84,sae_diff,target,0.0007685757604560697,1.0,1.0,0.016257834984783073,0.994991652754591,0.999877218439558,0.9373905658721924,0.44039857387542725,0.6616606116294861,-0.22104431688785553
85,sae_input,target,0.0009352174021991753,1.0,1.0,0.008143187366035741,0.996661101836394,1.0,0.9260663986206055,0.3997480869293213,0.6493760347366333,-0.25798287987709045
85,sae_recons,target,0.001767359533352034,1.0,1.0,0.0188600746879993,0.993322203672788,0.9998994907531492,1.2299046516418457,0.3997480869293213,0.6493760347366333,-0.25798287987709045
85,sae_diff,target,0.0008983897136454913,1.0,1.0,0.006689410225896185,0.996661101836394,1.0,0.9825524091720581,0.3997480869293213,0.6493760347366333,-0.25798287987709045
86,sae_input,target,0.000741979821012642,1.0,1.0,0.016896141786444697,0.993322203672788,0.9999105425593774,0.876577615737915,0.4133099913597107,0.6867974996566772,-0.19991841912269592
86,sae_recons,target,0.0017389220234366588,1.0,1.0,0.011506355042078703,0.994991652754591,0.9999776356398443,1.2438064813613892,0.4133099913597107,0.6867974996566772,-0.19991841912269592
86,sae_diff,target,0.0007768866339479107,1.0,1.0,0.011739917601367935,0.993322203672788,0.9999329069195331,0.9473082423210144,0.4133099913597107,0.6867974996566772,-0.19991841912269592
87,sae_input,target,0.000739201999023654,1.0,1.0,0.019628444411606442,0.993322203672788,0.9999331014182499,0.8767264485359192,0.4140101671218872,0.6935164928436279,-0.21651607751846313
87,sae_recons,target,0.001738303344395191,1.0,1.0,0.010573127150736713,0.996661101836394,0.999966550709125,1.2252848148345947,0.4140101671218872,0.6935164928436279,-0.21651607751846313
87,sae_diff,target,0.0007728169608207824,1.0,1.0,0.016034592280745587,0.993322203672788,0.9999777004727499,0.9445533156394958,0.4140101671218872,0.6935164928436279,-0.21651607751846313
88,sae_input,target,0.0008941972630804191,1.0,1.0,0.006834846313380555,0.998330550918197,0.9999887270595662,0.9243066310882568,0.3994772434234619,0.6538481116294861,-0.25858616828918457
88,sae_recons,target,0.0018031678364601135,1.0,1.0,0.01569466432915699,0.996661101836394,0.9998309058934932,1.239838719367981,0.3994772434234619,0.6538481116294861,-0.25858616828918457
88,sae_diff,target,0.0008849586286524701,1.0,1.0,0.004605279364524495,0.998330550918197,0.9999887270595662,0.980026364326477,0.3994772434234619,0.6538481116294861,-0.25858616828918457
89,sae_input,target,0.0007736320307043255,1.0,1.0,0.020204755089662157,0.993322203672788,0.9996653951683062,0.8648524880409241,0.4330905079841614,0.6604775190353394,-0.2239447683095932
89,sae_recons,target,0.00151142977920002,1.0,1.0,0.0292675525125255,0.994991652754591,0.9988623435722412,1.1630876064300537,0.4330905079841614,0.6604775190353394,-0.2239447683095932
89,sae_diff,target,0.0007778193014670161,1.0,1.0,0.019060885267955442,0.993322203672788,0.9997769301122041,0.9323515295982361,0.4330905079841614,0.6604775190353394,-0.2239447683095932
90,sae_input,target,0.0007775731413918876,1.0,1.0,0.013639867017415517,0.994991652754591,0.9998996028735888,0.8883593678474426,0.42860445380210876,0.6671168208122253,-0.21601879596710205
90,sae_recons,target,0.0016581405821314407,1.0,1.0,0.015978651741558204,0.994991652754591,0.999888447637321,1.2114547491073608,0.42860445380210876,0.6671168208122253,-0.21601879596710205
90,sae_diff,target,0.0008110313388914854,1.0,1.0,0.009390996673850634,0.996661101836394,0.9999553790549284,0.9570444822311401,0.42860445380210876,0.6671168208122253,-0.21601879596710205
91,sae_input,target,0.0008425744088037022,1.0,1.0,0.010581872322424926,0.994991652754591,0.9999553969669938,0.9024800658226013,0.42355671525001526,0.6607943177223206,-0.23214039206504822
91,sae_recons,target,0.0015905829553331538,1.0,1.0,0.03576038284467778,0.991652754590985,0.9994313113291704,1.1956924200057983,0.42355671525001526,0.6607943177223206,-0.23214039206504822
91,sae_diff,target,0.0008356109328355783,1.0,1.0,0.009122038956232046,0.996661101836394,0.9999553969669938,0.9612443447113037,0.42355671525001526,0.6607943177223206,-0.23214039206504822
92,sae_input,target,0.0007981072142119195,1.0,1.0,0.011690442876291365,0.998330550918197,0.9999218994064355,0.8966019749641418,0.4124296009540558,0.6755661368370056,-0.23274439573287964
92,sae_recons,target,0.001714541174970483,1.0,1.0,0.023965076773692622,0.993322203672788,0.9994198241620922,1.2238982915878296,0.4124296009540558,0.6755661368370056,-0.23274439573287964
92,sae_diff,target,0.0008148208134790945,1.0,1.0,0.010633077391455673,0.998330550918197,0.9999218994064355,0.9620212316513062,0.4124296009540558,0.6755661368370056,-0.23274439573287964
93,sae_input,target,0.0008710657742464609,1.0,1.0,0.003922440883075352,1.0,1.0,0.9188698530197144,0.41517913341522217,0.6431128978729248,-0.23913179337978363
93,sae_recons,target,0.001707233751994696,1.0,1.0,0.01740581049310911,0.993322203672788,0.9998662028364999,1.227301001548767,0.41517913341522217,0.6431128978729248,-0.23913179337978363
93,sae_diff,target,0.0008650772978029734,1.0,1.0,0.003829236375303552,0.998330550918197,1.0,0.9737418293952942,0.41517913341522217,0.6431128978729248,-0.23913179337978363
94,sae_input,target,0.0008581006921191881,1.0,1.0,0.012502385190707191,0.994991652754591,0.9999553969669938,0.9028412103652954,0.4156150817871094,0.6573817133903503,-0.25390625
94,sae_recons,target,0.0016463196114483369,1.0,1.0,0.031201434437945784,0.991652754590985,0.9995874219446923,1.196790337562561,0.4156150817871094,0.6573817133903503,-0.25390625
94,sae_diff,target,0.0008390074703935841,1.0,1.0,0.010866924492068948,0.996661101836394,0.9999553969669938,0.9603095054626465,0.4156150817871094,0.6573817133903503,-0.25390625
95,sae_input,target,0.0007413986262324112,1.0,1.0,0.013888085428827185,0.991652754590985,0.9998769960191439,0.8847701549530029,0.42128726840019226,0.6817103624343872,-0.21920426189899445
95,sae_recons,target,0.0016738313318578263,1.0,1.0,0.023592990216320307,0.996661101836394,0.9988482354519836,1.2213505506515503,0.42128726840019226,0.6817103624343872,-0.21920426189899445
95,sae_diff,target,0.0007848251676460925,1.0,1.0,0.010145715341217484,0.996661101836394,0.9999440890996109,0.9513526558876038,0.42128726840019226,0.6817103624343872,-0.21920426189899445
96,sae_input,target,0.0007971270411828335,1.0,1.0,0.014548782625710209,0.993322203672788,1.0,0.8951345682144165,0.42076894640922546,0.665320634841919,-0.221975177526474
96,sae_recons,target,0.0016604836787113217,1.0,1.0,0.016082308203688493,0.993322203672788,1.0,1.2207332849502563,0.42076894640922546,0.665320634841919,-0.221975177526474
96,sae_diff,target,0.0008191078940778634,1.0,1.0,0.010837602025799985,0.994991652754591,1.0,0.9587522745132446,0.42076894640922546,0.665320634841919,-0.221975177526474
97,sae_input,target,0.0007259194674816869,1.0,1.0,0.03186368266629151,0.991652754590985,0.999675716777743,0.8570210933685303,0.42598432302474976,0.6407217979431152,-0.25259146094322205
97,sae_recons,target,0.0014042348393145045,1.0,1.0,0.04903722860828139,0.991652754590985,0.998568680950038,1.1359325647354126,0.42598432302474976,0.6407217979431152,-0.25259146094322205
97,sae_diff,target,0.0007365552821533778,1.0,1.0,0.02757026259193144,0.993322203672788,0.99974280985821,0.9240472316741943,0.42598432302474976,0.6407217979431152,-0.25259146094322205
98,sae_input,target,0.0006587617303013686,1.0,1.0,0.023784877562804424,0.994991652754591,0.9997658549638748,0.848630428314209,0.4375055432319641,0.685437023639679,-0.2005627304315567
98,sae_recons,target,0.0015351575209378607,1.0,1.0,0.028523667925028785,0.989983305509182,0.9995763089822496,1.186920404434204,0.4375055432319641,0.685437023639679,-0.2005627304315567
98,sae_diff,target,0.000726458127487043,1.0,1.0,0.01749750929830261,0.993322203672788,0.9998773526001249,0.9249029159545898,0.4375055432319641,0.685437023639679,-0.2005627304315567
99,sae_input,target,0.0008263254001932295,1.0,1.0,0.014159816328424241,0.994991652754591,0.9999330879892941,0.8932332992553711,0.4182104468345642,0.6588072776794434,-0.2371392846107483
99,sae_recons,target,0.0016178594667495625,1.0,1.0,0.024808845223263997,0.994991652754591,0.9997100479536076,1.19420325756073,0.4182104468345642,0.6588072776794434,-0.2371392846107483
99,sae_diff,target,0.0008077034546493476,1.0,1.0,0.01282073428746115,0.994991652754591,0.9999219359875098,0.9490460157394409,0.4182104468345642,0.6588072776794434,-0.2371392846107483
