Seed,Feature_Type,Label,Train_Loss,Train_Accuracy,Train_ROC_AUC,Test_Loss,Test_Accuracy,Test_ROC_AUC,Weight_Norm,Cosine_Sim_Input_Error,Cosine_Sim_Input_Combined,Cosine_Sim_Error_Combined,Top_k_Indices
0,sae_input,target,0.007897883951287725,1.0,0.9999999999999999,1.577899630682227,0.724,0.7927317573194952,2.4967594146728516,0.5106747150421143,0.511267900466919,0.9998079538345337,
0,sae_diff,target,0.011155298396216784,1.0,1.0,1.4035364302815347,0.724,0.7660324171952079,2.9122161865234375,0.5106747150421143,0.511267900466919,0.9998079538345337,
0,sae_acts_post,target,0.015471501743693663,1.0,1.0,1.8442959549912863,0.696,0.745659555384714,4.450275897979736,,,,
0,sae_acts_and_error,target,0.0111675144220824,1.0,1.0,1.3961386899148285,0.724,0.7673617784611442,2.913438558578491,0.5106747150421143,0.511267900466919,0.9998079538345337,"[4810, 13716, 2755]"
1,sae_input,target,0.008189722546443734,1.0,0.9999999999999999,1.7926018237653647,0.69,0.7570453633079086,2.5276949405670166,0.5074431300163269,0.5098950266838074,0.9986445903778076,
1,sae_diff,target,0.011370160076382736,1.0,1.0,1.2232580142439082,0.728,0.7839261340826976,2.9323389530181885,0.5074431300163269,0.5098950266838074,0.9986445903778076,
1,sae_acts_post,target,0.015650273358088492,1.0,1.0,1.802021917590022,0.712,0.7399277398635086,4.5955963134765625,,,,
1,sae_acts_and_error,target,0.01136511513427212,1.0,0.9999999999999999,1.2318750085008494,0.72,0.7824167001204336,2.9321694374084473,0.5074431300163269,0.5098950266838074,0.9986445903778076,"[15766, 13716, 14132]"
2,sae_input,target,0.008195641667684123,1.0,1.0,1.8371276899318845,0.704,0.7632648489503328,2.5351219177246094,0.5007827281951904,0.5036182403564453,0.9985950589179993,
2,sae_diff,target,0.011641747573117055,1.0,1.0,1.3466247922131138,0.704,0.7635368663594471,2.9594321250915527,0.5007827281951904,0.5036182403564453,0.9985950589179993,
2,sae_acts_post,target,0.01535275288429877,1.0,1.0,1.7047956941969031,0.68,0.7476318484383,4.419105529785156,,,,
2,sae_acts_and_error,target,0.011662221259533007,1.0,1.0,1.3596975421763995,0.702,0.7610727086533537,2.9611947536468506,0.5007827281951904,0.5036182403564453,0.9985950589179993,"[14132, 3935, 15077]"
3,sae_input,target,0.007555452485727482,1.0,1.0,1.8333704054074156,0.696,0.7569511179447754,2.456864833831787,0.5175149440765381,0.519225537776947,0.9992774724960327,
3,sae_diff,target,0.010881658501018989,1.0,1.0,1.5018187312985258,0.694,0.7424402588250367,2.8796093463897705,0.5175149440765381,0.519225537776947,0.9992774724960327,
3,sae_acts_post,target,0.015436002312795521,1.0,1.0,1.725105713122522,0.684,0.7413831763726055,4.385268211364746,,,,
3,sae_acts_and_error,target,0.010894552938480916,1.0,1.0,1.5045263978876737,0.698,0.7418156191940547,2.880815267562866,0.5175149440765381,0.519225537776947,0.9992774724960327,"[13354, 14132, 9666]"
4,sae_input,target,0.008100929161087444,1.0,1.0,1.5867820196579374,0.712,0.7660565883652783,2.5109126567840576,0.5256038904190063,0.5268822908401489,0.9993599653244019,
4,sae_diff,target,0.011093027466539463,1.0,1.0,1.4937475861117935,0.698,0.7381146819106179,2.895233392715454,0.5256038904190063,0.5268822908401489,0.9993599653244019,
4,sae_acts_post,target,0.015296292152598187,1.0,1.0,1.8114099522089104,0.694,0.7275624089286,4.463818550109863,,,,
4,sae_acts_and_error,target,0.011115352609035546,1.0,1.0,1.4954425921800722,0.702,0.7368496901570832,2.8975305557250977,0.5256038904190063,0.5268822908401489,0.9993599653244019,"[14132, 13003, 1360]"
5,sae_input,target,0.007913492129693538,1.0,1.0,1.7026242795313307,0.718,0.7597734073706615,2.5009493827819824,0.5249120593070984,0.5269434452056885,0.9971921443939209,
5,sae_diff,target,0.011003922295082904,1.0,1.0,1.5611784669887303,0.69,0.7443311836904514,2.89571475982666,0.5249120593070984,0.5269434452056885,0.9971921443939209,
5,sae_acts_post,target,0.015313993724901703,1.0,0.9999999999999999,2.077105533861862,0.686,0.7217519322782481,4.459190845489502,,,,
5,sae_acts_and_error,target,0.011012983185817156,1.0,1.0,1.5654627190787278,0.688,0.7438831191691604,2.8963377475738525,0.5249120593070984,0.5269434452056885,0.9971921443939209,"[5575, 8199, 14132]"
6,sae_input,target,0.007433205813428877,1.0,1.0,1.8250413082270516,0.702,0.7449116743471582,2.4353246688842773,0.5266380906105042,0.52705979347229,0.9986218214035034,
6,sae_diff,target,0.011044211591273879,1.0,1.0,1.2789969281194462,0.722,0.7711373527905786,2.9001266956329346,0.5266380906105042,0.52705979347229,0.9986218214035034,
6,sae_acts_post,target,0.01476564424405704,1.0,1.0,1.9453892581649446,0.664,0.7154377880184333,4.2480149269104,,,,
6,sae_acts_and_error,target,0.011064318033092208,1.0,0.9999999999999999,1.278757655783432,0.718,0.7705133128520225,2.902324914932251,0.5266380906105042,0.52705979347229,0.9986218214035034,"[3935, 10403, 568]"
7,sae_input,target,0.0076525105407497076,1.0,1.0,2.059472496534245,0.686,0.7260298181350815,2.460679769515991,0.5201770663261414,0.5221259593963623,0.9991865158081055,
7,sae_diff,target,0.011194140101468523,1.0,1.0,1.6233140379384294,0.672,0.7167759141443353,2.911153554916382,0.5201770663261414,0.5221259593963623,0.9991865158081055,
7,sae_acts_post,target,0.015483369847546,1.0,1.0,1.9822547782250608,0.678,0.7275641025641026,4.654106140136719,,,,
7,sae_acts_and_error,target,0.011219995081981477,1.0,1.0,1.6304871101649576,0.672,0.7164224664224663,2.913648843765259,0.5201770663261414,0.5221259593963623,0.9991865158081055,"[14132, 9620, 4810]"
8,sae_input,target,0.008121286899349642,1.0,0.9999999999999999,1.8736590844459888,0.698,0.7485397897297212,2.516033172607422,0.507266640663147,0.5077967047691345,0.9989650845527649,
8,sae_diff,target,0.01137965752067722,1.0,1.0,1.3478342351449186,0.722,0.7621737530204349,2.9226465225219727,0.507266640663147,0.5077967047691345,0.9989650845527649,
8,sae_acts_post,target,0.014730472911293908,1.0,1.0,1.8315622657899824,0.678,0.7348818229825096,4.4144182205200195,,,,
8,sae_acts_and_error,target,0.011371845063111409,1.0,1.0,1.363594783339422,0.706,0.7605735225872524,2.921393394470215,0.507266640663147,0.5077967047691345,0.9989650845527649,"[15077, 14132, 14788]"
9,sae_input,target,0.007795616710457745,1.0,1.0,1.9764235048000218,0.704,0.7368985841501697,2.480339527130127,0.5158190727233887,0.5180118680000305,0.9990167617797852,
9,sae_diff,target,0.010766626109750259,1.0,1.0,1.5025128338748976,0.662,0.73620987891601,2.8739988803863525,0.5158190727233887,0.5180118680000305,0.9990167617797852,
9,sae_acts_post,target,0.014905745795572278,1.0,1.0,1.9943463609310108,0.67,0.7200493305144469,4.39250373840332,,,,
9,sae_acts_and_error,target,0.010767129654690956,1.0,0.9999999999999999,1.5060852523764239,0.66,0.7354410916778782,2.8729214668273926,0.5158190727233887,0.5180118680000305,0.9990167617797852,"[3672, 7985, 14132]"
10,sae_input,target,0.008117961042648014,1.0,1.0,1.6326978404020724,0.722,0.7794270708235257,2.5210022926330566,0.5305148363113403,0.5307734608650208,0.9997068047523499,
10,sae_diff,target,0.011256486317778574,1.0,1.0,1.546045443051622,0.68,0.735712798834286,2.9200754165649414,0.5305148363113403,0.5307734608650208,0.9997068047523499,
10,sae_acts_post,target,0.016075768500358842,1.0,0.9999999999999999,1.8161906511014534,0.674,0.7319338361275239,4.470398902893066,,,,
10,sae_acts_and_error,target,0.01123771367161014,1.0,1.0,1.5463057724661267,0.68,0.7347040079422267,2.9186506271362305,0.5305148363113403,0.5307734608650208,0.9997068047523499,"[579, 12566, 13003]"
11,sae_input,target,0.007776933048742431,1.0,1.0,1.5086339205028867,0.748,0.7949816303284081,2.4838500022888184,0.511337161064148,0.5136595964431763,0.9982171058654785,
11,sae_diff,target,0.01110798442872082,1.0,0.9999999999999999,1.4191032796423277,0.72,0.7636328632622611,2.902188539505005,0.511337161064148,0.5136595964431763,0.9982171058654785,
11,sae_acts_post,target,0.015070928901969153,1.0,0.9999999999999999,1.923828675117952,0.684,0.7291235500794148,4.449441432952881,,,,
11,sae_acts_and_error,target,0.011107751738559705,1.0,1.0,1.4171783566235885,0.72,0.7633922125427155,2.9016027450561523,0.511337161064148,0.5136595964431763,0.9982171058654785,"[14132, 7985, 3935]"
12,sae_input,target,0.008311932273286759,1.0,1.0,1.6634565487188957,0.72,0.7620329041718366,2.5382864475250244,0.5304977893829346,0.5324904322624207,0.9987636804580688,
12,sae_diff,target,0.011336294319619857,1.0,1.0,1.5205143532789114,0.668,0.7344784801559806,2.9169042110443115,0.5304977893829346,0.5324904322624207,0.9987636804580688,
12,sae_acts_post,target,0.015622640535483725,1.0,0.9999999999999999,1.6303437054640413,0.72,0.758987415201663,4.512748718261719,,,,
12,sae_acts_and_error,target,0.011280983841328947,1.0,1.0,1.518643217619454,0.67,0.7345107075524904,2.9116389751434326,0.5304977893829346,0.5324904322624207,0.9987636804580688,"[7985, 1002, 13354]"
13,sae_input,target,0.007980594377643573,1.0,1.0,1.5463215357513505,0.728,0.7821245139922238,2.505446672439575,0.5046160817146301,0.5050263404846191,0.9992870688438416,
13,sae_diff,target,0.011344138292348146,1.0,1.0,1.3448561145910733,0.712,0.7723643578297253,2.9288806915283203,0.5046160817146301,0.5050263404846191,0.9992870688438416,
13,sae_acts_post,target,0.014619089010535834,1.0,1.0,1.7633918844219008,0.682,0.7342997487959807,4.38279390335083,,,,
13,sae_acts_and_error,target,0.011351712604676248,1.0,1.0,1.348032638216773,0.712,0.7713563417014673,2.9298717975616455,0.5046160817146301,0.5050263404846191,0.9992870688438416,"[3935, 2978, 10744]"
14,sae_input,target,0.008234914879148523,1.0,1.0,1.9166675732797243,0.694,0.7351077313054499,2.5368714332580566,0.5309781432151794,0.5317481160163879,0.9983834028244019,
14,sae_diff,target,0.01112165383663257,1.0,1.0,1.554658526269016,0.658,0.7216954645361058,2.90570330619812,0.5309781432151794,0.5317481160163879,0.9983834028244019,
14,sae_acts_post,target,0.016172267575396762,1.0,0.9999999999999999,1.6783867835074617,0.696,0.7534774028974347,4.522709846496582,,,,
14,sae_acts_and_error,target,0.01113657653659935,1.0,0.9999999999999999,1.552126719754371,0.662,0.7217756814426208,2.9068820476531982,0.5309781432151794,0.5317481160163879,0.9983834028244019,"[9666, 5575, 7279]"
15,sae_input,target,0.00770065350951155,1.0,1.0,1.7240631173956327,0.692,0.7512920206723308,2.4664387702941895,0.5295259356498718,0.5303834080696106,0.9994788765907288,
15,sae_diff,target,0.011389231316113507,1.0,0.9999999999999999,1.4077079494573905,0.708,0.7587641402262435,2.9312093257904053,0.5295259356498718,0.5303834080696106,0.9994788765907288,
15,sae_acts_post,target,0.015356808709762786,1.0,1.0,1.9331377045153464,0.668,0.7083953343253492,4.456563949584961,,,,
15,sae_acts_and_error,target,0.011372411187475976,1.0,1.0,1.41427604845013,0.708,0.7584761356181698,2.929561138153076,0.5295259356498718,0.5303834080696106,0.9994788765907288,"[9666, 13716, 13354]"
16,sae_input,target,0.008532393395089145,1.0,1.0,1.759261982221597,0.686,0.7351031597172125,2.556696653366089,0.5199389457702637,0.5205045938491821,0.9993147850036621,
16,sae_diff,target,0.01137791367709966,1.0,1.0,1.3906051874060317,0.682,0.7431667708684011,2.9273793697357178,0.5199389457702637,0.5205045938491821,0.9993147850036621,
16,sae_acts_post,target,0.015269171770873054,1.0,1.0,1.964434112259968,0.676,0.7183667580435723,4.456263542175293,,,,
16,sae_acts_and_error,target,0.011360923024674292,1.0,1.0,1.3861232959024077,0.678,0.7436156398788053,2.9254698753356934,0.5199389457702637,0.5205045938491821,0.9993147850036621,"[13003, 9666, 7985]"
17,sae_input,target,0.007999975826145117,1.0,1.0,1.8439235564594127,0.688,0.7412954429083461,2.5026562213897705,0.5075517892837524,0.5093314051628113,0.9991123080253601,
17,sae_diff,target,0.01123057998343122,1.0,1.0,1.700803779693783,0.654,0.7013088837685613,2.9072556495666504,0.5075517892837524,0.5093314051628113,0.9991123080253601,
17,sae_acts_post,target,0.014987300580212406,1.0,1.0,1.915712471402865,0.676,0.714365719406042,4.44918966293335,,,,
17,sae_acts_and_error,target,0.011255155191661075,1.0,1.0,1.7023805149164737,0.656,0.7007168458781362,2.9096176624298096,0.5075517892837524,0.5093314051628113,0.9991123080253601,"[10744, 14132, 9118]"
18,sae_input,target,0.007975382469891197,1.0,1.0,1.8081611308347811,0.71,0.7550104935997052,2.5053627490997314,0.5272275805473328,0.5321458578109741,0.9959703683853149,
18,sae_diff,target,0.011252960767265481,1.0,1.0,1.5358559153128735,0.66,0.7328377577340233,2.91996169090271,0.5272275805473328,0.5321458578109741,0.9959703683853149,
18,sae_acts_post,target,0.015881291862646422,1.0,1.0,1.8365923114445122,0.694,0.735465162851055,4.462141990661621,,,,
18,sae_acts_and_error,target,0.011156094293148318,1.0,1.0,1.5295447435629634,0.664,0.7348884153863408,2.909597396850586,0.5272275805473328,0.5321458578109741,0.9959703683853149,"[6034, 14132, 4946]"
19,sae_input,target,0.00758539850090974,1.0,0.9999999999999999,1.9266463094075839,0.68,0.7345590117767536,2.461564540863037,0.49452802538871765,0.4973655641078949,0.9991356134414673,
19,sae_diff,target,0.011280234496227805,1.0,1.0,1.5278417379772293,0.664,0.7282226062467998,2.916149616241455,0.49452802538871765,0.4973655641078949,0.9991356134414673,
19,sae_acts_post,target,0.015261589955013666,1.0,0.9999999999999999,2.0146185535818217,0.678,0.7023009472606246,4.477770805358887,,,,
19,sae_acts_and_error,target,0.01132919424671403,1.0,1.0,1.5370037173764586,0.664,0.7281746031746031,2.919879198074341,0.49452802538871765,0.4973655641078949,0.9991356134414673,"[14132, 14541, 2413]"
20,sae_input,target,0.00788866992769162,1.0,1.0,1.6371629205041125,0.688,0.7531005748982624,2.4965054988861084,0.5229588747024536,0.5251249074935913,0.9989895224571228,
20,sae_diff,target,0.011370086053179232,1.0,1.0,1.3910751132861356,0.678,0.7468348297913572,2.9261348247528076,0.5229588747024536,0.5251249074935913,0.9989895224571228,
20,sae_acts_post,target,0.015964070176212687,1.0,1.0,1.842684683213189,0.68,0.7285059104708997,4.334741115570068,,,,
20,sae_acts_and_error,target,0.011401309578036128,1.0,1.0,1.4098243341877037,0.672,0.7459950907564111,2.9288108348846436,0.5229588747024536,0.5251249074935913,0.9989895224571228,"[14132, 8087, 6034]"
21,sae_input,target,0.008236398668290835,1.0,0.9999999999999999,1.7972548672855342,0.702,0.7441116231438811,2.534183979034424,0.5041150450706482,0.5042744278907776,0.9982329607009888,
21,sae_diff,target,0.011367568402163504,1.0,1.0,1.5372431605336734,0.65,0.7200940860215054,2.919412612915039,0.5041150450706482,0.5042744278907776,0.9982329607009888,
21,sae_acts_post,target,0.01504491566565356,1.0,1.0,1.7971777180378772,0.67,0.7346390168970814,4.371275901794434,,,,
21,sae_acts_and_error,target,0.011410181527636898,1.0,0.9999999999999999,1.5091218178174601,0.658,0.7250224014336917,2.923740863800049,0.5041150450706482,0.5042744278907776,0.9982329607009888,"[6373, 1002, 9106]"
22,sae_input,target,0.007994596153635099,1.0,1.0,1.713016321598837,0.694,0.7436493681442041,2.496218204498291,0.5284651517868042,0.5300133228302002,0.9987690448760986,
22,sae_diff,target,0.011452425298611239,1.0,0.9999999999999999,1.331957937350277,0.68,0.7568798511771122,2.93593168258667,0.5284651517868042,0.5300133228302002,0.9987690448760986,
22,sae_acts_post,target,0.015399016166402714,1.0,1.0,2.0391563386402867,0.664,0.715729039707486,4.463885307312012,,,,
22,sae_acts_and_error,target,0.011479957665660073,1.0,1.0,1.3358138545140854,0.68,0.7565430752453655,2.938189744949341,0.5284651517868042,0.5300133228302002,0.9987690448760986,"[3935, 14132, 9973]"
23,sae_input,target,0.007797764834170095,1.0,1.0,1.6702185729703747,0.7,0.7620614035087719,2.479694128036499,0.5456768274307251,0.5478183031082153,0.9984321594238281,
23,sae_diff,target,0.010959025095084823,1.0,1.0,1.5471260473621042,0.652,0.7149606553147574,2.885157346725464,0.5456768274307251,0.5478183031082153,0.9984321594238281,
23,sae_acts_post,target,0.014658940770480378,1.0,1.0,1.7866523980078137,0.672,0.7357939886480909,4.3757171630859375,,,,
23,sae_acts_and_error,target,0.010976636709277458,1.0,1.0,1.5549599456554952,0.66,0.7139931630546955,2.886744737625122,0.5456768274307251,0.5478183031082153,0.9984321594238281,"[14132, 13003, 3441]"
24,sae_input,target,0.007726727798596805,1.0,1.0,1.935888805230627,0.68,0.733792,2.4689571857452393,0.5421680212020874,0.541938304901123,0.9996193051338196,
24,sae_diff,target,0.011447231594438088,1.0,1.0,1.4012333059248492,0.694,0.73896,2.9363083839416504,0.5421680212020874,0.541938304901123,0.9996193051338196,
24,sae_acts_post,target,0.015492066714553816,1.0,1.0,1.9475672821722463,0.672,0.724048,4.607333660125732,,,,
24,sae_acts_and_error,target,0.011447167166987564,1.0,1.0,1.4034224048594832,0.698,0.7381759999999999,2.936530351638794,0.5421680212020874,0.541938304901123,0.9996193051338196,"[9666, 3935, 13003]"
25,sae_input,target,0.008034320538513605,1.0,1.0,1.7099919039132632,0.694,0.7717175596952819,2.50614857673645,0.502040684223175,0.5036811232566833,0.9975337386131287,
25,sae_diff,target,0.011054995439014673,1.0,1.0,1.512697548089846,0.658,0.7311151654823634,2.8935956954956055,0.502040684223175,0.5036811232566833,0.9975337386131287,
25,sae_acts_post,target,0.015493471410577967,1.0,1.0,1.9682403287435124,0.672,0.7075571346264644,4.503573894500732,,,,
25,sae_acts_and_error,target,0.01100145642008935,1.0,1.0,1.5045879996673652,0.662,0.7331956980987132,2.886845827102661,0.502040684223175,0.5036811232566833,0.9975337386131287,"[15077, 3935, 4946]"
26,sae_input,target,0.007533193984189378,1.0,1.0,1.906300273997101,0.694,0.7370948379351743,2.442338705062866,0.4989253282546997,0.49854597449302673,0.9995788335800171,
26,sae_diff,target,0.011127143541683619,1.0,1.0,1.6272103189530431,0.68,0.7156942777110844,2.896132469177246,0.4989253282546997,0.49854597449302673,0.9995788335800171,
26,sae_acts_post,target,0.015005133440374022,1.0,1.0,2.1755623168702543,0.68,0.7084913965586235,4.51275634765625,,,,
26,sae_acts_and_error,target,0.011111059565414303,1.0,1.0,1.6279498900824405,0.68,0.7153101240496198,2.8946876525878906,0.4989253282546997,0.49854597449302673,0.9995788335800171,"[3935, 15943, 690]"
27,sae_input,target,0.008180625369984587,1.0,0.9999999999999999,1.765502829466064,0.732,0.7776811594202898,2.530038595199585,0.5145410299301147,0.5176081657409668,0.998484194278717,
27,sae_diff,target,0.011724479918115899,1.0,1.0,1.2959671364997876,0.694,0.7614009661835749,2.9663777351379395,0.5145410299301147,0.5176081657409668,0.998484194278717,
27,sae_acts_post,target,0.015591276597003429,1.0,1.0,1.8237835250999714,0.7,0.7390338164251207,4.460299015045166,,,,
27,sae_acts_and_error,target,0.01172646105149697,1.0,0.9999999999999999,1.2937457321250139,0.704,0.7614653784219,2.96624493598938,0.5145410299301147,0.5176081657409668,0.998484194278717,"[14132, 3029, 2331]"
28,sae_input,target,0.007562636249898383,1.0,1.0,1.7214861551830136,0.718,0.7575845085110138,2.448763608932495,0.536223292350769,0.5383102893829346,0.9984009861946106,
28,sae_diff,target,0.010252204234872126,1.0,0.9999999999999999,1.486951980375345,0.702,0.741428823538849,2.826059579849243,0.536223292350769,0.5383102893829346,0.9984009861946106,
28,sae_acts_post,target,0.014927961410303397,1.0,1.0,1.6484318956532156,0.708,0.7558839100928912,4.356611728668213,,,,
28,sae_acts_and_error,target,0.010293745911560723,1.0,1.0,1.4793909419832345,0.706,0.7416534308770917,2.8299691677093506,0.536223292350769,0.5383102893829346,0.9984009861946106,"[14132, 3935, 10744]"
29,sae_input,target,0.008323505863357904,1.0,1.0,1.7529493966054603,0.704,0.7569711538461538,2.54264497756958,0.5299072861671448,0.5319398641586304,0.9988442063331604,
29,sae_diff,target,0.01103745151595318,1.0,1.0,1.5054951752679662,0.688,0.74875,2.8945088386535645,0.5299072861671448,0.5319398641586304,0.9988442063331604,
29,sae_acts_post,target,0.015019326660390514,1.0,1.0,1.9319938658964768,0.68,0.7265384615384615,4.538712978363037,,,,
29,sae_acts_and_error,target,0.011021571722309706,1.0,1.0,1.505812362199592,0.688,0.7490224358974359,2.8930370807647705,0.5299072861671448,0.5319398641586304,0.9988442063331604,"[9666, 14132, 7985]"
30,sae_input,target,0.008539856314087131,1.0,1.0,1.5826283276276616,0.734,0.7838695714904055,2.5686638355255127,0.5306766629219055,0.5312356948852539,0.9986369609832764,
30,sae_diff,target,0.011550411057770042,1.0,0.9999999999999999,1.3970997317377545,0.71,0.7549656134275959,2.9468138217926025,0.5306766629219055,0.5312356948852539,0.9986369609832764,
30,sae_acts_post,target,0.015820048497758733,1.0,1.0,1.7389042484729307,0.702,0.7427018708219111,4.597789287567139,,,,
30,sae_acts_and_error,target,0.011526083901184972,1.0,1.0,1.4063489436327201,0.712,0.7515830648134789,2.944791793823242,0.5306766629219055,0.5312356948852539,0.9986369609832764,"[3935, 10639, 5894]"
31,sae_input,target,0.007783477261989854,1.0,1.0,1.9210337730116143,0.696,0.7345590117767538,2.4684009552001953,0.5228648781776428,0.5263338088989258,0.9984078407287598,
31,sae_diff,target,0.01071966571043222,1.0,1.0,1.5045546907855778,0.678,0.7368631592421916,2.859067440032959,0.5228648781776428,0.5263338088989258,0.9984078407287598,
31,sae_acts_post,target,0.014941192712925972,1.0,1.0,1.7685530260091118,0.682,0.7365591397849462,4.391451358795166,,,,
31,sae_acts_and_error,target,0.01073625858488323,1.0,1.0,1.5060285578329704,0.676,0.7377112135176651,2.86028790473938,0.5228648781776428,0.5263338088989258,0.9984078407287598,"[14132, 15077, 11456]"
32,sae_input,target,0.008122752309370714,1.0,1.0,1.5754380652230153,0.712,0.7761910860655737,2.5274627208709717,0.5087382793426514,0.5087785720825195,0.9995925426483154,
32,sae_diff,target,0.011902799800738962,1.0,0.9999999999999999,1.3329438231284763,0.698,0.7569319928278688,2.978161096572876,0.5087382793426514,0.5087785720825195,0.9995925426483154,
32,sae_acts_post,target,0.01593971273504382,1.0,1.0,1.651462704399944,0.688,0.727843237704918,4.410520553588867,,,,
32,sae_acts_and_error,target,0.011890041804466237,1.0,1.0,1.3309709785528516,0.702,0.7571881403688525,2.97729754447937,0.5087382793426514,0.5087785720825195,0.9995925426483154,"[3935, 13716, 11085]"
33,sae_input,target,0.007782198830401849,1.0,1.0,1.7802390864895397,0.706,0.7586731637823575,2.480111598968506,0.5128244757652283,0.5135684013366699,0.9993035793304443,
33,sae_diff,target,0.011704558770659883,1.0,1.0,1.3046241723422332,0.722,0.7753962215279016,2.9590344429016113,0.5128244757652283,0.5135684013366699,0.9993035793304443,
33,sae_acts_post,target,0.015506626211492368,1.0,1.0,1.844957883930308,0.706,0.7509834712081722,4.4771904945373535,,,,
33,sae_acts_and_error,target,0.0117359370990462,1.0,1.0,1.3050448106277313,0.724,0.7757199980573408,2.961965799331665,0.5128244757652283,0.5135684013366699,0.9993035793304443,"[15077, 3935, 10744]"
34,sae_input,target,0.007702725447260696,1.0,1.0,2.0035904795243913,0.672,0.7193075089201427,2.46671462059021,0.520598828792572,0.5208632946014404,0.9994772672653198,
34,sae_diff,target,0.010868293899920172,1.0,1.0,1.5386627778702875,0.702,0.7372757964127425,2.8776824474334717,0.520598828792572,0.5208632946014404,0.9994772672653198,
34,sae_acts_post,target,0.015514911760866848,1.0,1.0,2.05887914450243,0.68,0.7301076817229075,4.500588893890381,,,,
34,sae_acts_and_error,target,0.010859382624370216,1.0,1.0,1.5315561235049908,0.698,0.738859821757148,2.8766543865203857,0.520598828792572,0.5208632946014404,0.9994772672653198,"[690, 10851, 7985]"
35,sae_input,target,0.007690357034454236,1.0,1.0,1.8761724604330092,0.714,0.7419117175988212,2.4652295112609863,0.542691171169281,0.5436009764671326,0.9983654022216797,
35,sae_diff,target,0.01037092443902285,1.0,1.0,1.5719561929657784,0.646,0.7145717214427574,2.8358991146087646,0.542691171169281,0.5436009764671326,0.9983654022216797,
35,sae_acts_post,target,0.015196186698305357,1.0,1.0,1.9454162896165927,0.668,0.7131462617720546,4.427191734313965,,,,
35,sae_acts_and_error,target,0.010342069152927054,1.0,1.0,1.588514140642468,0.654,0.7130661797680825,2.832550525665283,0.542691171169281,0.5436009764671326,0.9983654022216797,"[15935, 9973, 14788]"
36,sae_input,target,0.008106827794574703,1.0,1.0,1.7343739925213342,0.718,0.7592503680942323,2.5202436447143555,0.5027371644973755,0.5052446126937866,0.9982108473777771,
36,sae_diff,target,0.011264643123137238,1.0,1.0,1.4380178093025564,0.686,0.7398534024710326,2.9272961616516113,0.5027371644973755,0.5052446126937866,0.9982108473777771,
36,sae_acts_post,target,0.01562789231365875,1.0,1.0,1.9038499526733486,0.688,0.7271141412201524,4.639708995819092,,,,
36,sae_acts_and_error,target,0.011192737117201392,1.0,1.0,1.4286934418975203,0.686,0.7418219064080405,2.921339273452759,0.5027371644973755,0.5052446126937866,0.9982108473777771,"[13716, 12330, 2681]"
37,sae_input,target,0.008034408940196478,1.0,1.0,1.8722373694539702,0.72,0.7516708437761069,2.503009796142578,0.5221242308616638,0.5243589878082275,0.99834805727005,
37,sae_diff,target,0.0116448180734712,1.0,1.0,1.404632624184066,0.702,0.747606194974616,2.9455971717834473,0.5221242308616638,0.5243589878082275,0.99834805727005,
37,sae_acts_post,target,0.01533947092318942,1.0,0.9999999999999999,1.7432155613085343,0.698,0.7268973716342136,4.438673973083496,,,,
37,sae_acts_and_error,target,0.011668508226850753,1.0,1.0,1.3962679268058769,0.698,0.7490039200565517,2.9478845596313477,0.5221242308616638,0.5243589878082275,0.99834805727005,"[14132, 15901, 9850]"
38,sae_input,target,0.007507176580552815,1.0,1.0,1.523208423551674,0.746,0.8018914723720214,2.457908868789673,0.5245252847671509,0.5258454084396362,0.9993201494216919,
38,sae_diff,target,0.011104668927333222,1.0,1.0,1.3734997345426871,0.7,0.756188891200333,2.9101035594940186,0.5245252847671509,0.5258454084396362,0.9993201494216919,
38,sae_acts_post,target,0.01505632351385147,1.0,1.0,1.5420847991481132,0.678,0.747355619209166,4.317407131195068,,,,
38,sae_acts_and_error,target,0.011075999138850797,1.0,1.0,1.3763082666947575,0.69,0.7547486838104688,2.9078383445739746,0.5245252847671509,0.5258454084396362,0.9993201494216919,"[6426, 13716, 2003]"
39,sae_input,target,0.008150557981157089,1.0,1.0,1.5966587342924548,0.744,0.7764312243852459,2.5240824222564697,0.5169790387153625,0.5180724859237671,0.9993937611579895,
39,sae_diff,target,0.011467955596748645,1.0,1.0,1.4169774953198817,0.688,0.7421714907786885,2.932955741882324,0.5169790387153625,0.5180724859237671,0.9993937611579895,
39,sae_acts_post,target,0.01568265378477969,1.0,1.0,1.6183643041656706,0.732,0.7612945056352458,4.547584056854248,,,,
39,sae_acts_and_error,target,0.01145757472312879,1.0,1.0,1.4239193430257258,0.694,0.7410988729508197,2.9319138526916504,0.5169790387153625,0.5180724859237671,0.9993937611579895,"[13716, 4810, 3672]"
40,sae_input,target,0.008031723215092771,1.0,0.9999999999999999,1.6406009231892258,0.716,0.7646643902595425,2.5046329498291016,0.527076005935669,0.5267842411994934,0.9992087483406067,
40,sae_diff,target,0.01062946063941203,1.0,1.0,1.51715213917544,0.694,0.739110918738678,2.858525514602661,0.527076005935669,0.5267842411994934,0.9992087483406067,
40,sae_acts_post,target,0.015447783880063053,1.0,1.0,1.6007596078991841,0.706,0.7564244377114093,4.564977169036865,,,,
40,sae_acts_and_error,target,0.010647545582650374,1.0,1.0,1.5114528019049671,0.692,0.7397842222542843,2.860008716583252,0.527076005935669,0.5267842411994934,0.9992087483406067,"[3935, 14162, 9620]"
41,sae_input,target,0.00819469554691684,1.0,1.0,1.5928488487394226,0.728,0.7845884694401645,2.5328757762908936,0.5075982809066772,0.5096606016159058,0.9990406036376953,
41,sae_diff,target,0.011746461008925072,1.0,1.0,1.3683361366268552,0.692,0.7534668721109399,2.9634575843811035,0.5075982809066772,0.5096606016159058,0.9990406036376953,
41,sae_acts_post,target,0.014992606593953496,1.0,0.9999999999999999,1.7847405770807407,0.698,0.7327940421160759,4.438634395599365,,,,
41,sae_acts_and_error,target,0.01173443588124351,1.0,1.0,1.3713082383866118,0.692,0.7523112480739599,2.9621710777282715,0.5075982809066772,0.5096606016159058,0.9990406036376953,"[6355, 14132, 13716]"
42,sae_input,target,0.00790261080754274,1.0,1.0,1.7060941271723027,0.694,0.7721976826067474,2.4978880882263184,0.5018110871315002,0.5040102005004883,0.9994034171104431,
42,sae_diff,target,0.010958124802084013,1.0,1.0,1.3434589040750398,0.724,0.7700051213110557,2.896547555923462,0.5018110871315002,0.5040102005004883,0.9994034171104431,
42,sae_acts_post,target,0.015667472127304342,1.0,1.0,1.7041090950045255,0.692,0.7506561679790027,4.619494438171387,,,,
42,sae_acts_and_error,target,0.0109437008692804,1.0,0.9999999999999999,1.3419607699740737,0.722,0.770677293387107,2.8949124813079834,0.5018110871315002,0.5040102005004883,0.9994034171104431,"[4810, 690, 6250]"
43,sae_input,target,0.007910107537648809,1.0,1.0,1.6042041088028172,0.706,0.7682766788297805,2.497405529022217,0.525999128818512,0.5269812345504761,0.9996989965438843,
43,sae_diff,target,0.01075045070992258,1.0,0.9999999999999999,1.656728308012798,0.652,0.7139587734460022,2.8685476779937744,0.525999128818512,0.5269812345504761,0.9996989965438843,
43,sae_acts_post,target,0.015593380361587637,1.0,1.0,1.605178573821781,0.702,0.7495678893796811,4.550463676452637,,,,
43,sae_acts_and_error,target,0.010744238612033786,1.0,0.9999999999999999,1.662577656942127,0.654,0.7129985276230715,2.867793560028076,0.525999128818512,0.5269812345504761,0.9996989965438843,"[13716, 10744, 13354]"
44,sae_input,target,0.008285974620143473,1.0,1.0,1.7716640916248068,0.71,0.7584549576250821,2.536905288696289,0.5295000076293945,0.5320283770561218,0.9983134269714355,
44,sae_diff,target,0.011512036527706165,1.0,0.9999999999999999,1.3580005703731142,0.688,0.7499639532834553,2.942383289337158,0.5295000076293945,0.5320283770561218,0.9983134269714355,
44,sae_acts_post,target,0.01498983824537904,1.0,1.0,1.842997088503212,0.69,0.7330139861260193,4.506067276000977,,,,
44,sae_acts_and_error,target,0.011537207406519489,1.0,1.0,1.368567354849038,0.69,0.7490187282718404,2.944857120513916,0.5295000076293945,0.5320283770561218,0.9983134269714355,"[3935, 568, 14132]"
45,sae_input,target,0.008837829312671524,1.0,1.0,1.5757711166618484,0.75,0.7954749103942653,2.5983474254608154,0.5178163051605225,0.5180355310440063,0.9995729327201843,
45,sae_diff,target,0.011726118347498019,1.0,1.0,1.433034809615329,0.688,0.745615719406042,2.9602503776550293,0.5178163051605225,0.5180355310440063,0.9995729327201843,
45,sae_acts_post,target,0.015603178719820919,1.0,1.0,1.7700581123839747,0.7,0.7332469278033794,4.668956756591797,,,,
45,sae_acts_and_error,target,0.011717144967801523,1.0,1.0,1.4320716717448436,0.686,0.7454717101894521,2.9596822261810303,0.5178163051605225,0.5180355310440063,0.9995729327201843,"[3935, 15295, 13003]"
46,sae_input,target,0.00847353984356889,1.0,1.0,1.6209975184977643,0.726,0.7866685866973873,2.5558316707611084,0.5410088300704956,0.544426679611206,0.9986166954040527,
46,sae_diff,target,0.01141360953743645,1.0,1.0,1.3814515123171904,0.698,0.7680922894766317,2.9340639114379883,0.5410088300704956,0.544426679611206,0.9986166954040527,
46,sae_acts_post,target,0.015442308068543043,1.0,1.0,1.6988083337509547,0.7,0.7598521576345221,4.435383319854736,,,,
46,sae_acts_and_error,target,0.011433491526321102,1.0,1.0,1.3837487920635367,0.706,0.7675802812845006,2.9354441165924072,0.5410088300704956,0.544426679611206,0.9986166954040527,"[3935, 10281, 14132]"
47,sae_input,target,0.007939123768297935,1.0,0.9999999999999999,1.8450262373841255,0.706,0.7362500200028805,2.4989278316497803,0.5302788019180298,0.532624363899231,0.9989838004112244,
47,sae_diff,target,0.010800679905772475,1.0,1.0,1.6351496240129542,0.664,0.7212238562352979,2.8781449794769287,0.5302788019180298,0.532624363899231,0.9989838004112244,
47,sae_acts_post,target,0.015481441580944248,1.0,1.0,1.7838517539657337,0.682,0.727832807924341,4.457119941711426,,,,
47,sae_acts_and_error,target,0.010802583457010084,1.0,1.0,1.6383788596738464,0.674,0.720935814757325,2.878568649291992,0.5302788019180298,0.532624363899231,0.9989838004112244,"[14132, 10281, 3935]"
48,sae_input,target,0.008013063180440406,1.0,1.0,1.6436307993419967,0.736,0.7830608734789667,2.508220911026001,0.5291919708251953,0.5319330096244812,0.9988206028938293,
48,sae_diff,target,0.0112161472733207,1.0,1.0,1.4181789100897715,0.698,0.7489350757904552,2.91682505607605,0.5291919708251953,0.5319330096244812,0.9988206028938293,
48,sae_acts_post,target,0.015637141927548632,1.0,1.0,1.768356104814181,0.694,0.7517802317918053,4.660473823547363,,,,
48,sae_acts_and_error,target,0.01125839875983409,1.0,1.0,1.4138300795950076,0.704,0.7501085017119159,2.9202444553375244,0.5291919708251953,0.5319330096244812,0.9988206028938293,"[14132, 9029, 9666]"
49,sae_input,target,0.007974385809809054,1.0,0.9999999999999999,1.7467575884639865,0.714,0.7725369398854502,2.5023555755615234,0.5114541053771973,0.5132427215576172,0.9992387294769287,
49,sae_diff,target,0.011537549477650259,1.0,1.0,1.458476819216714,0.668,0.7306155845405978,2.942941904067993,0.5114541053771973,0.5132427215576172,0.9992387294769287,
49,sae_acts_post,target,0.01559383439650217,1.0,1.0,1.9662527740415414,0.696,0.7266689127400491,4.479487895965576,,,,
49,sae_acts_and_error,target,0.011572951838802695,1.0,1.0,1.474084801609958,0.668,0.7278882097190804,2.946033477783203,0.5114541053771973,0.5132427215576172,0.9992387294769287,"[14132, 14022, 15077]"
50,sae_input,target,0.007785433858747102,1.0,0.9999999999999999,1.534253861354975,0.724,0.7759294871794873,2.479276418685913,0.5270985960960388,0.5300137996673584,0.9989622831344604,
50,sae_diff,target,0.01106257181760839,1.0,0.9999999999999999,1.458242781193458,0.682,0.7458493589743589,2.9025518894195557,0.5270985960960388,0.5300137996673584,0.9989622831344604,
50,sae_acts_post,target,0.015629622640712257,1.0,1.0,1.7105428728991143,0.692,0.7461698717948718,4.493203639984131,,,,
50,sae_acts_and_error,target,0.01106630833562032,1.0,1.0,1.4525668509761789,0.69,0.7472916666666667,2.9031431674957275,0.5270985960960388,0.5300137996673584,0.9989622831344604,"[13716, 14132, 3935]"
51,sae_input,target,0.007368172445679525,1.0,1.0,2.039824759307074,0.684,0.7290594591128425,2.421335458755493,0.5307322144508362,0.5316365361213684,0.9998655915260315,
51,sae_diff,target,0.010656763117022195,1.0,1.0,1.6602969431322077,0.664,0.7140704403725613,2.853109836578369,0.5307322144508362,0.5316365361213684,0.9998655915260315,
51,sae_acts_post,target,0.015553855948896881,1.0,1.0,1.667000659675537,0.67,0.7256929415348113,4.390802383422852,,,,
51,sae_acts_and_error,target,0.010653382428541854,1.0,0.9999999999999999,1.661322116211069,0.664,0.7144872473107937,2.852780342102051,0.5307322144508362,0.5316365361213684,0.9998655915260315,"[13716, 1360, 15295]"
52,sae_input,target,0.007840866401486747,1.0,1.0,1.6385802136841754,0.714,0.7632772072606098,2.4888322353363037,0.5252673625946045,0.5258062481880188,0.9995190501213074,
52,sae_diff,target,0.011028657456868462,1.0,1.0,1.454216084923583,0.72,0.7546099745269872,2.899418592453003,0.5252673625946045,0.5258062481880188,0.9995190501213074,
52,sae_acts_post,target,0.015225971298729941,1.0,1.0,1.813369767320149,0.69,0.7300181034620868,4.507758140563965,,,,
52,sae_acts_and_error,target,0.011019236893278822,1.0,1.0,1.452387562386235,0.72,0.754609974526987,2.8982248306274414,0.5252673625946045,0.5258062481880188,0.9995190501213074,"[10906, 3032, 891]"
53,sae_input,target,0.008032419940796037,1.0,1.0,1.7236614709976397,0.722,0.7607438083114455,2.514456033706665,0.5153685212135315,0.5170576572418213,0.9993332624435425,
53,sae_diff,target,0.01122203335495129,1.0,1.0,1.5282541247810704,0.674,0.73813628965984,2.9118053913116455,0.5153685212135315,0.5170576572418213,0.9993332624435425,
53,sae_acts_post,target,0.014993357840147646,1.0,1.0,1.8605943905230247,0.698,0.7421002594305419,4.430783748626709,,,,
53,sae_acts_and_error,target,0.01123661273779513,1.0,1.0,1.5363593465674503,0.672,0.7376206513156834,2.913299322128296,0.5153685212135315,0.5170576572418213,0.9993332624435425,"[9666, 15766, 14132]"
54,sae_input,target,0.008042722073024602,1.0,1.0,1.5849163239421404,0.712,0.7687346977964826,2.506272792816162,0.5044243931770325,0.5069457292556763,0.9983488321304321,
54,sae_diff,target,0.011635541473970765,1.0,1.0,1.357532898458597,0.698,0.7614696516298347,2.947997570037842,0.5044243931770325,0.5069457292556763,0.9983488321304321,
54,sae_acts_post,target,0.014926061795302764,1.0,0.9999999999999999,1.8132744512831214,0.704,0.7393224624345905,4.474587440490723,,,,
54,sae_acts_and_error,target,0.011679309261803408,1.0,1.0,1.3588392986237696,0.696,0.7621897553247668,2.9516007900238037,0.5044243931770325,0.5069457292556763,0.9983488321304321,"[14132, 6726, 11546]"
55,sae_input,target,0.008135478519220835,1.0,1.0,1.6149272937546706,0.726,0.7896085591645845,2.5198161602020264,0.5027982592582703,0.5060865879058838,0.9986318945884705,
55,sae_diff,target,0.011711456979761087,1.0,1.0,1.326226265218465,0.714,0.7796944070728427,2.9567790031433105,0.5027982592582703,0.5060865879058838,0.9986318945884705,
55,sae_acts_post,target,0.01482903955835301,1.0,1.0,1.8647939872342594,0.668,0.7267922352488949,4.4205708503723145,,,,
55,sae_acts_and_error,target,0.011743820280381382,1.0,1.0,1.336397238490373,0.72,0.7783009802037286,2.9594106674194336,0.5027982592582703,0.5060865879058838,0.9986318945884705,"[13716, 14132, 15077]"
56,sae_input,target,0.00788455873882164,1.0,1.0,1.6508678144695703,0.72,0.7661533043032788,2.4900405406951904,0.5035722851753235,0.5036396980285645,0.9989262819290161,
56,sae_diff,target,0.011148702269316836,1.0,1.0,1.4081779908690542,0.692,0.7480308657786886,2.9013428688049316,0.5035722851753235,0.5036396980285645,0.9989262819290161,
56,sae_acts_post,target,0.015328934937803356,1.0,1.0,1.7773967830025663,0.7,0.7379610655737705,4.536138534545898,,,,
56,sae_acts_and_error,target,0.011140591709160695,1.0,1.0,1.410415606638505,0.686,0.7478547643442623,2.9002456665039062,0.5035722851753235,0.5036396980285645,0.9989262819290161,"[9666, 3935, 1002]"
57,sae_input,target,0.007295813514932642,1.0,1.0,1.718048526138257,0.704,0.7625928059395801,2.4147043228149414,0.5174456834793091,0.5180245041847229,0.999907374382019,
57,sae_diff,target,0.01043221359834187,1.0,1.0,1.5840884841720604,0.672,0.7285586277521762,2.8410074710845947,0.5174456834793091,0.5180245041847229,0.999907374382019,
57,sae_acts_post,target,0.014785585765518269,1.0,0.9999999999999999,1.739901033773711,0.694,0.7333429339477726,4.3807053565979,,,,
57,sae_acts_and_error,target,0.010439202497699928,1.0,1.0,1.5853673202282341,0.668,0.7284786226318485,2.841804265975952,0.5174456834793091,0.5180245041847229,0.999907374382019,"[9666, 4810, 13354]"
58,sae_input,target,0.007969786862935601,1.0,1.0,1.6604412387641565,0.702,0.7659925381499094,2.4996209144592285,0.5321101546287537,0.535233736038208,0.9988381266593933,
58,sae_diff,target,0.011542793886776991,1.0,1.0,1.278923054988485,0.702,0.7667291156266512,2.942951202392578,0.5321101546287537,0.535233736038208,0.9988381266593933,
58,sae_acts_post,target,0.015680278526800148,1.0,1.0,1.7052167393708286,0.658,0.7308770075739379,4.479006290435791,,,,
58,sae_acts_and_error,target,0.011563227513121369,1.0,1.0,1.2841618734403255,0.7,0.7652559606731678,2.944998025894165,0.5321101546287537,0.535233736038208,0.9988381266593933,"[14132, 10281, 9880]"
59,sae_input,target,0.008109963633253538,1.0,1.0,1.5862774322625832,0.74,0.7730212602459017,2.5138466358184814,0.5338439345359802,0.5347949266433716,0.9996483325958252,
59,sae_diff,target,0.011600629395609229,1.0,0.9999999999999999,1.4226224404618424,0.702,0.7588691086065575,2.9444191455841064,0.5338439345359802,0.5347949266433716,0.9996483325958252,
59,sae_acts_post,target,0.01586321781068939,1.0,1.0,1.7259525395558872,0.698,0.7376408811475409,4.5172319412231445,,,,
59,sae_acts_and_error,target,0.011592821743563061,1.0,1.0,1.4264420317601283,0.7,0.7580366290983607,2.943693161010742,0.5338439345359802,0.5347949266433716,0.9996483325958252,"[4810, 13716, 9666]"
60,sae_input,target,0.007949549673550426,1.0,1.0,1.7685133737534615,0.704,0.744723601935349,2.4983856678009033,0.5151513814926147,0.5165426135063171,0.9995212554931641,
60,sae_diff,target,0.011165924123463199,1.0,1.0,1.4147304422557718,0.698,0.7410586552217454,2.916320323944092,0.5151513814926147,0.5165426135063171,0.9995212554931641,
60,sae_acts_post,target,0.015171323686828643,1.0,1.0,1.679320909705572,0.672,0.7355933838067223,4.51806640625,,,,
60,sae_acts_and_error,target,0.011165738573464572,1.0,0.9999999999999999,1.4160006761727855,0.696,0.7410747295494367,2.9156405925750732,0.5151513814926147,0.5165426135063171,0.9995212554931641,"[13003, 7985, 15077]"
61,sae_input,target,0.007757890118709241,1.0,1.0,1.576275873016449,0.708,0.7719191563585157,2.477081060409546,0.532898485660553,0.5347619652748108,0.9988018274307251,
61,sae_diff,target,0.010774798466228088,1.0,1.0,1.536363734445032,0.66,0.7335776351794658,2.875763416290283,0.532898485660553,0.5347619652748108,0.9988018274307251,
61,sae_acts_post,target,0.015195882373514796,1.0,1.0,1.7029645456483575,0.692,0.74773967451313,4.350552082061768,,,,
61,sae_acts_and_error,target,0.010788995693743732,1.0,1.0,1.547575377773634,0.658,0.7316893632683106,2.8770627975463867,0.532898485660553,0.5347619652748108,0.9988018274307251,"[14132, 1360, 12566]"
62,sae_input,target,0.008433817162367326,1.0,1.0,1.5628490589204878,0.732,0.7893530845072696,2.556283712387085,0.5260363817214966,0.5296705961227417,0.9970705509185791,
62,sae_diff,target,0.011751768013548226,1.0,1.0,1.4079232182946675,0.736,0.774362201674977,2.9658279418945312,0.5260363817214966,0.5296705961227417,0.9970705509185791,
62,sae_acts_post,target,0.015402591218961923,1.0,1.0,1.8883227439831418,0.696,0.7377967113649933,4.556660175323486,,,,
62,sae_acts_and_error,target,0.011655728274612151,1.0,1.0,1.387004117830147,0.73,0.7771215568572395,2.956042766571045,0.5260363817214966,0.5296705961227417,0.9970705509185791,"[13003, 6426, 4946]"
63,sae_input,target,0.007689645749570461,1.0,1.0,1.7700230782054946,0.718,0.7627913678278688,2.476093292236328,0.5300862193107605,0.5305830240249634,0.9998077154159546,
63,sae_diff,target,0.011285260350511037,1.0,1.0,1.3807267738495566,0.704,0.7565637807377049,2.9225902557373047,0.5300862193107605,0.5305830240249634,0.9998077154159546,
63,sae_acts_post,target,0.015485254944206077,1.0,1.0,1.7949631042613379,0.666,0.7268026383196722,4.418630599975586,,,,
63,sae_acts_and_error,target,0.011295760020464382,1.0,1.0,1.3875844024673931,0.702,0.7560034579918031,2.9234421253204346,0.5300862193107605,0.5305830240249634,0.9998077154159546,"[13354, 594, 15077]"
64,sae_input,target,0.008094822013919522,1.0,1.0,1.7402323006145677,0.712,0.7605194805194805,2.517594814300537,0.520479679107666,0.5222183465957642,0.9985713362693787,
64,sae_diff,target,0.011225188728265077,1.0,1.0,1.4058055477238531,0.684,0.7521915584415584,2.918757438659668,0.520479679107666,0.5222183465957642,0.9985713362693787,
64,sae_acts_post,target,0.01549951283118429,1.0,1.0,2.1244900876174917,0.638,0.6817045454545455,4.419073104858398,,,,
64,sae_acts_and_error,target,0.011166810143943242,1.0,1.0,1.4099620917742066,0.682,0.7519642857142858,2.912687063217163,0.520479679107666,0.5222183465957642,0.9985713362693787,"[1360, 7985, 14788]"
65,sae_input,target,0.00797415488074891,1.0,1.0,1.5788551757393516,0.728,0.7851121794871795,2.509427547454834,0.5262890458106995,0.5288758277893066,0.9989000558853149,
65,sae_diff,target,0.011558216887871115,1.0,1.0,1.4659048154619345,0.726,0.761426282051282,2.9483156204223633,0.5262890458106995,0.5288758277893066,0.9989000558853149,
65,sae_acts_post,target,0.015589708452389956,1.0,1.0,1.900646177880089,0.692,0.7390224358974359,4.661873817443848,,,,
65,sae_acts_and_error,target,0.011569166827161961,1.0,1.0,1.468080390979872,0.728,0.7594230769230769,2.949093818664551,0.5262890458106995,0.5288758277893066,0.9989000558853149,"[13716, 14132, 3935]"
66,sae_input,target,0.007779694307292731,1.0,1.0,1.723299965427937,0.698,0.7552221100049696,2.4793286323547363,0.5275577306747437,0.5284296274185181,0.9990322589874268,
66,sae_diff,target,0.011027939791827878,1.0,0.9999999999999999,1.3639363366859898,0.712,0.7725035669055292,2.896254777908325,0.5275577306747437,0.5284296274185181,0.9990322589874268,
66,sae_acts_post,target,0.01593048833751722,1.0,1.0,1.708246318689335,0.692,0.7413392327546129,4.476180076599121,,,,
66,sae_acts_and_error,target,0.011040351519333502,1.0,1.0,1.3687463998571598,0.714,0.7719104185703523,2.8972623348236084,0.5275577306747437,0.5284296274185181,0.9990322589874268,"[1360, 8087, 9666]"
67,sae_input,target,0.008503321508133708,1.0,1.0,1.5122044009313276,0.744,0.7886846189539032,2.5632381439208984,0.5173802971839905,0.5198496580123901,0.997948408126831,
67,sae_diff,target,0.01155764152701589,1.0,1.0,1.3816661616137318,0.696,0.7493879902078432,2.9438464641571045,0.5173802971839905,0.5198496580123901,0.997948408126831,
67,sae_acts_post,target,0.015757899938025156,1.0,1.0,1.8374979900789892,0.674,0.7264756236099777,4.380699157714844,,,,
67,sae_acts_and_error,target,0.011543495163530624,1.0,1.0,1.3812218581515099,0.7,0.749659994559913,2.943305492401123,0.5173802971839905,0.5198496580123901,0.997948408126831,"[3935, 3516, 14132]"
68,sae_input,target,0.008212252591839074,1.0,1.0,1.7115578447754625,0.71,0.775159051474841,2.522876739501953,0.5097147822380066,0.5097109079360962,0.9998555183410645,
68,sae_diff,target,0.011545305878523772,1.0,1.0,1.3716566425405103,0.714,0.768138294454084,2.940333604812622,0.5097147822380066,0.5097109079360962,0.9998555183410645,
68,sae_acts_post,target,0.01567714966094706,1.0,1.0,1.7864485791447395,0.678,0.7487308013623803,4.582019329071045,,,,
68,sae_acts_and_error,target,0.011537832752201728,1.0,1.0,1.3704235500818782,0.716,0.7682346892873207,2.9396162033081055,0.5097147822380066,0.5097109079360962,0.9998555183410645,"[4810, 3935, 10974]"
69,sae_input,target,0.008464813373473887,1.0,1.0,1.6731204069521342,0.706,0.7526401689708141,2.5524542331695557,0.534210205078125,0.5357601642608643,0.9993733167648315,
69,sae_diff,target,0.011212139421299859,1.0,1.0,1.4623158419383975,0.69,0.7528321812596006,2.918581247329712,0.534210205078125,0.5357601642608643,0.9993733167648315,
69,sae_acts_post,target,0.01572779887388124,1.0,1.0,1.8244875680409756,0.678,0.7376792114695341,4.504764556884766,,,,
69,sae_acts_and_error,target,0.011238193356583851,1.0,1.0,1.4652302055430262,0.696,0.7520961341525858,2.9206454753875732,0.534210205078125,0.5357601642608643,0.9993733167648315,"[9666, 9973, 10281]"
70,sae_input,target,0.008301046319388366,1.0,1.0,1.611664571545182,0.72,0.7772977470558116,2.528249979019165,0.5081522464752197,0.5084964036941528,0.9995846748352051,
70,sae_diff,target,0.0115631881225594,1.0,1.0,1.4127389893742988,0.712,0.7503680235535074,2.935899496078491,0.5081522464752197,0.5084964036941528,0.9995846748352051,
70,sae_acts_post,target,0.015810103429220894,1.0,1.0,1.9153845288091293,0.666,0.7251024065540195,4.348875999450684,,,,
70,sae_acts_and_error,target,0.01155251490859142,1.0,1.0,1.3964283845027006,0.702,0.7516161034306195,2.9350759983062744,0.5081522464752197,0.5084964036941528,0.9995846748352051,"[2413, 6856, 8199]"
71,sae_input,target,0.007866493699395584,1.0,1.0,1.971413166275074,0.666,0.7188755020080322,2.471714735031128,0.5195865631103516,0.5215554237365723,0.9972935318946838,
71,sae_diff,target,0.010806022689854991,1.0,0.9999999999999999,1.5989206259954727,0.674,0.7314517032272516,2.863901138305664,0.5195865631103516,0.5215554237365723,0.9972935318946838,
71,sae_acts_post,target,0.014435586219357095,1.0,1.0,1.9223793901493822,0.648,0.7059952959247348,4.2483038902282715,,,,
71,sae_acts_and_error,target,0.010750166761288139,1.0,1.0,1.5793864058648692,0.678,0.7340917454679274,2.857839345932007,0.5195865631103516,0.5215554237365723,0.9972935318946838,"[14132, 5266, 4946]"
72,sae_input,target,0.008174803094605628,1.0,1.0,1.5224621460626309,0.682,0.773497688751926,2.5252137184143066,0.5144544243812561,0.5142515897750854,0.9990266561508179,
72,sae_diff,target,0.010911327950603436,1.0,1.0,1.4761236312507808,0.678,0.7543175398048279,2.889557361602783,0.5144544243812561,0.5142515897750854,0.9990266561508179,
72,sae_acts_post,target,0.0157682608008451,1.0,1.0,1.6903374607687134,0.694,0.7545422444786851,4.524710655212402,,,,
72,sae_acts_and_error,target,0.01090771897978755,1.0,1.0,1.472391570713312,0.682,0.7547829994863894,2.889251947402954,0.5144544243812561,0.5142515897750854,0.9990266561508179,"[1002, 3516, 3935]"
73,sae_input,target,0.008116163634111686,1.0,1.0,1.8324769141245194,0.694,0.7542474851999807,2.5154669284820557,0.5083817839622498,0.508841335773468,0.9993810653686523,
73,sae_diff,target,0.01098055469886161,1.0,1.0,1.5454742668218255,0.668,0.72514479151626,2.893878221511841,0.5083817839622498,0.508841335773468,0.9993810653686523,
73,sae_acts_post,target,0.015550342066857546,1.0,1.0,1.8321568762344105,0.698,0.7333108725995091,4.513469696044922,,,,
73,sae_acts_and_error,target,0.010985950414461532,1.0,1.0,1.5376445438146755,0.672,0.7260592642505335,2.8943636417388916,0.5083817839622498,0.508841335773468,0.9993810653686523,"[9106, 3935, 9666]"
74,sae_input,target,0.008051265398137887,1.0,1.0,1.6445860834193673,0.716,0.7657850922131147,2.510817289352417,0.5321323871612549,0.5341798067092896,0.9988961219787598,
74,sae_diff,target,0.011294666751885032,1.0,1.0,1.568280044542054,0.672,0.7336385758196722,2.9211840629577637,0.5321323871612549,0.5341798067092896,0.9988961219787598,
74,sae_acts_post,target,0.01531412396660737,1.0,1.0,1.7660467598975196,0.686,0.734711193647541,4.548359394073486,,,,
74,sae_acts_and_error,target,0.01127703527785859,1.0,1.0,1.579614161634479,0.666,0.7332703637295083,2.919797658920288,0.5321323871612549,0.5341798067092896,0.9988961219787598,"[14132, 14022, 1002]"
75,sae_input,target,0.008166714078825911,1.0,1.0,1.7059104253226478,0.694,0.7513670869788986,2.5238935947418213,0.53192538022995,0.5315359234809875,0.99854576587677,
75,sae_diff,target,0.011311454469531402,1.0,0.9999999999999999,1.4807455675374666,0.684,0.7391598044261452,2.9202587604522705,0.53192538022995,0.5315359234809875,0.99854576587677,
75,sae_acts_post,target,0.01482751031898262,1.0,0.9999999999999999,1.75173567025916,0.67,0.7261483530622749,4.413488388061523,,,,
75,sae_acts_and_error,target,0.011312644662776084,1.0,1.0,1.4753267950078885,0.682,0.7396905558414821,2.920276165008545,0.53192538022995,0.5315359234809875,0.99854576587677,"[2003, 7345, 10744]"
76,sae_input,target,0.00852273272427794,1.0,1.0,1.502162442923489,0.736,0.7859465867764622,2.5599637031555176,0.5269817113876343,0.527167797088623,0.9992011785507202,
76,sae_diff,target,0.011138480257070893,1.0,1.0,1.4055208787379034,0.698,0.7488585206427529,2.901970148086548,0.5269817113876343,0.527167797088623,0.9992011785507202,
76,sae_acts_post,target,0.01524620190631751,1.0,1.0,1.7895366711449892,0.666,0.7250676877232893,4.471627712249756,,,,
76,sae_acts_and_error,target,0.011112699422822815,1.0,1.0,1.4078841623429423,0.698,0.7480735032602253,2.8999264240264893,0.5269817113876343,0.527167797088623,0.9992011785507202,"[13716, 3935, 10744]"
77,sae_input,target,0.008203314932128638,1.0,1.0,1.5646185421612622,0.752,0.8047008752140034,2.5294604301452637,0.5197038054466248,0.5218071937561035,0.9995695948600769,
77,sae_diff,target,0.011163978111876926,1.0,1.0,1.3741859197484645,0.722,0.7771804348869582,2.910621166229248,0.5197038054466248,0.5218071937561035,0.9995695948600769,
77,sae_acts_post,target,0.014798048829495333,1.0,1.0,1.9560864889773395,0.706,0.7426838829421271,4.579981327056885,,,,
77,sae_acts_and_error,target,0.011159614469671876,1.0,1.0,1.376876226551227,0.716,0.7768124289988638,2.910116672515869,0.5197038054466248,0.5218071937561035,0.9995695948600769,"[9666, 13716, 13354]"
78,sae_input,target,0.00852771180477638,1.0,0.9999999999999999,1.4599012332083616,0.736,0.802734375,2.571239948272705,0.5283670425415039,0.5308517813682556,0.9979222416877747,
78,sae_diff,target,0.010948618409846872,1.0,0.9999999999999999,1.4023565462806282,0.71,0.7577004354508197,2.8961031436920166,0.5283670425415039,0.5308517813682556,0.9979222416877747,
78,sae_acts_post,target,0.015913543006336798,1.0,0.9999999999999999,1.5723775277603147,0.722,0.7594934682377049,4.5363054275512695,,,,
78,sae_acts_and_error,target,0.01097920866627925,1.0,1.0,1.4058058636983808,0.708,0.7574122694672132,2.898617744445801,0.5283670425415039,0.5308517813682556,0.9979222416877747,"[13716, 1002, 14132]"
79,sae_input,target,0.008443958124565587,1.0,1.0,1.5705657197587994,0.726,0.7911964785914366,2.557565212249756,0.5201806426048279,0.5205038189888,0.9998183250427246,
79,sae_diff,target,0.011709029173353713,1.0,1.0,1.3754471366981682,0.684,0.7600640256102441,2.9612326622009277,0.5201806426048279,0.5205038189888,0.9998183250427246,
79,sae_acts_post,target,0.01568381569283996,1.0,0.9999999999999999,1.6902910938664268,0.736,0.7596318527410963,4.445051670074463,,,,
79,sae_acts_and_error,target,0.01172340324503395,1.0,1.0,1.3747483115016557,0.682,0.7596958783513404,2.9625465869903564,0.5201806426048279,0.5205038189888,0.9998183250427246,"[9666, 8087, 10709]"
80,sae_input,target,0.008198026450624866,1.0,0.9999999999999999,1.6850930392200651,0.724,0.77640656262505,2.5301480293273926,0.5119882225990295,0.5153447389602661,0.9985431432723999,
80,sae_diff,target,0.011069820606985355,1.0,1.0,1.5893808428470388,0.688,0.7370788315326131,2.897650718688965,0.5119882225990295,0.5153447389602661,0.9985431432723999,
80,sae_acts_post,target,0.015431856262512842,1.0,1.0,1.7972757114316316,0.678,0.729187675070028,4.457854747772217,,,,
80,sae_acts_and_error,target,0.011119523012053725,1.0,1.0,1.5958020915961653,0.686,0.7350460184073629,2.901577949523926,0.5119882225990295,0.5153447389602661,0.9985431432723999,"[14132, 1360, 9666]"
81,sae_input,target,0.0073036363092173606,1.0,0.9999999999999999,2.0578256461366435,0.66,0.711537536670995,2.421290636062622,0.5094329714775085,0.5108627676963806,0.9987698793411255,
81,sae_diff,target,0.010646833319667917,1.0,1.0,1.5749978056623872,0.682,0.7199698616521586,2.861318588256836,0.5094329714775085,0.5108627676963806,0.9987698793411255,
81,sae_acts_post,target,0.01530949801582577,1.0,1.0,2.177695796845018,0.646,0.6930056589557384,4.479392051696777,,,,
81,sae_acts_and_error,target,0.010651928185206595,1.0,1.0,1.568759891996685,0.67,0.7204347616986486,2.8613333702087402,0.5094329714775085,0.5108627676963806,0.9987698793411255,"[2725, 4535, 14132]"
82,sae_input,target,0.008662521697431327,1.0,1.0,1.5549697694514368,0.728,0.7937050590652286,2.5861287117004395,0.5276810526847839,0.5302561521530151,0.998589038848877,
82,sae_diff,target,0.011964534976796906,1.0,1.0,1.3946959120224245,0.712,0.7717161016949152,2.9802792072296143,0.5276810526847839,0.5302561521530151,0.998589038848877,
82,sae_acts_post,target,0.015769876785324644,1.0,1.0,1.7944570423760624,0.688,0.7420069337442219,4.642122745513916,,,,
82,sae_acts_and_error,target,0.011972846987598916,1.0,1.0,1.3849352633865277,0.706,0.7722457627118644,2.9813239574432373,0.5276810526847839,0.5302561521530151,0.998589038848877,"[3935, 14132, 10281]"
83,sae_input,target,0.008042337244789267,1.0,1.0,1.5984275071525331,0.722,0.77812479979499,2.514096975326538,0.5233641862869263,0.5229228734970093,0.9987245798110962,
83,sae_diff,target,0.011428748172794325,1.0,1.0,1.3877216110342148,0.704,0.7597860208853866,2.935635566711426,0.5233641862869263,0.5229228734970093,0.9987245798110962,
83,sae_acts_post,target,0.015299484466551824,1.0,0.9999999999999999,1.9594569813369518,0.684,0.7264558908322122,4.47766637802124,,,,
83,sae_acts_and_error,target,0.011397851115940267,1.0,1.0,1.3940044221192829,0.7,0.7597059388814146,2.933359384536743,0.5233641862869263,0.5229228734970093,0.9987245798110962,"[13716, 5575, 6373]"
84,sae_input,target,0.008146266457047502,1.0,1.0,1.5680238458968552,0.728,0.7831412451174231,2.5207908153533936,0.5218899846076965,0.5235661864280701,0.9991167783737183,
84,sae_diff,target,0.011395713169393818,1.0,1.0,1.3206034054651425,0.698,0.7652183697416856,2.92924427986145,0.5218899846076965,0.5235661864280701,0.9991167783737183,
84,sae_acts_post,target,0.015545693325645161,1.0,1.0,1.691463541552942,0.708,0.7548825770362153,4.518640518188477,,,,
84,sae_acts_and_error,target,0.0114422852688609,1.0,1.0,1.3265505883090256,0.7,0.7660220861262478,2.933347702026367,0.5218899846076965,0.5235661864280701,0.9991167783737183,"[9620, 14132, 4810]"
85,sae_input,target,0.00830475405370783,1.0,1.0,1.5308442364120742,0.712,0.7808924942799085,2.539443254470825,0.5161885023117065,0.5177702903747559,0.9992386102676392,
85,sae_diff,target,0.011713861846813008,1.0,1.0,1.4320016312761252,0.662,0.7427798844781515,2.9621992111206055,0.5161885023117065,0.5177702903747559,0.9992386102676392,
85,sae_acts_post,target,0.015713816838108574,1.0,1.0,1.7771673893373199,0.676,0.7304436870989937,4.477071762084961,,,,
85,sae_acts_and_error,target,0.011721175689938626,1.0,1.0,1.440531648761111,0.662,0.7411318581097297,2.963064432144165,0.5161885023117065,0.5177702903747559,0.9992386102676392,"[14132, 3935, 69]"
86,sae_input,target,0.007664599852504528,1.0,1.0,1.755842355517458,0.698,0.7509720155522488,2.4649605751037598,0.5220500230789185,0.522400975227356,0.9994974136352539,
86,sae_diff,target,0.011057874704385242,1.0,1.0,1.5193920613218534,0.69,0.7338517416278659,2.895916223526001,0.5220500230789185,0.522400975227356,0.9994974136352539,
86,sae_acts_post,target,0.014873137860690094,1.0,1.0,1.7664720608095195,0.69,0.7485879774076385,4.4684529304504395,,,,
86,sae_acts_and_error,target,0.011075278724356204,1.0,1.0,1.5112278139434798,0.692,0.7338357413718619,2.8976151943206787,0.5220500230789185,0.522400975227356,0.9994974136352539,"[13003, 10744, 7276]"
87,sae_input,target,0.0082539955328393,1.0,1.0,1.6214002335246636,0.714,0.7765918292234082,2.5351359844207764,0.5179267525672913,0.5197422504425049,0.9986649751663208,
87,sae_diff,target,0.0110819166744284,1.0,0.9999999999999999,1.6174169152847666,0.676,0.7212398585396297,2.902252435684204,0.5179267525672913,0.5197422504425049,0.9986649751663208,
87,sae_acts_post,target,0.015127266682067094,1.0,1.0,1.8340974205306588,0.678,0.7271767134467364,4.436042308807373,,,,
87,sae_acts_and_error,target,0.011093301608047966,1.0,1.0,1.6174879343584525,0.67,0.7211438447136388,2.9032905101776123,0.5179267525672913,0.5197422504425049,0.9986649751663208,"[3935, 13716, 14132]"
88,sae_input,target,0.008225055840658612,1.0,1.0,1.5704049567417464,0.704,0.7666090629800306,2.537525177001953,0.5178486108779907,0.5224334597587585,0.9938443899154663,
88,sae_diff,target,0.011513574831104502,1.0,0.9999999999999999,1.3464976979525431,0.68,0.7424795186891961,2.9442780017852783,0.5178486108779907,0.5224334597587585,0.9938443899154663,
88,sae_acts_post,target,0.01609984055401032,1.0,1.0,1.435340390596457,0.712,0.765168970814132,4.517020225524902,,,,
88,sae_acts_and_error,target,0.011329161987089737,1.0,1.0,1.3419228700524015,0.676,0.74199948796723,2.9266233444213867,0.5178486108779907,0.5224334597587585,0.9938443899154663,"[14132, 11456, 4946]"
89,sae_input,target,0.0074107563687789086,1.0,1.0,1.8898175079350896,0.684,0.7405751415337107,2.435401201248169,0.523320198059082,0.5257086157798767,0.9994216561317444,
89,sae_diff,target,0.011101556122621793,1.0,0.9999999999999999,1.4730169869230871,0.674,0.7406877251672671,2.903007745742798,0.523320198059082,0.5257086157798767,0.9994216561317444,
89,sae_acts_post,target,0.014938181175576883,1.0,1.0,1.864655835012219,0.684,0.7265826042202779,4.398616790771484,,,,
89,sae_acts_and_error,target,0.01110127886503593,1.0,1.0,1.4769557677495815,0.674,0.7397548893463717,2.9031708240509033,0.523320198059082,0.5257086157798767,0.9994216561317444,"[3935, 14132, 4810]"
90,sae_input,target,0.00799222000269678,1.0,1.0,1.4928628137614817,0.706,0.7790038239678527,2.5051608085632324,0.5160017609596252,0.5175676345825195,0.9988489151000977,
90,sae_diff,target,0.010905607919975161,1.0,1.0,1.5460140009394598,0.652,0.7235238835958261,2.881317138671875,0.5160017609596252,0.5175676345825195,0.9988489151000977,
90,sae_acts_post,target,0.014979058669660582,1.0,1.0,1.8016034821240914,0.688,0.7397757469699916,4.522646903991699,,,,
90,sae_acts_and_error,target,0.01090877115489655,1.0,1.0,1.5503275290479237,0.652,0.7234914770885994,2.881960153579712,0.5160017609596252,0.5175676345825195,0.9988489151000977,"[14132, 13716, 8087]"
91,sae_input,target,0.007922152555338423,1.0,1.0,1.8012261011880157,0.714,0.7520120321925151,2.4961581230163574,0.5291826128959656,0.5294674038887024,0.9996078610420227,
91,sae_diff,target,0.011041732141101645,1.0,1.0,1.5544490954658292,0.696,0.7247955967295476,2.89150071144104,0.5291826128959656,0.5294674038887024,0.9996078610420227,
91,sae_acts_post,target,0.015196754478153579,1.0,1.0,1.7272931243182656,0.68,0.7289716635466166,4.445432186126709,,,,
91,sae_acts_and_error,target,0.01102898270556883,1.0,1.0,1.551551740291969,0.704,0.7243635898174371,2.890336036682129,0.5291826128959656,0.5294674038887024,0.9996078610420227,"[4810, 3935, 286]"
92,sae_input,target,0.008024470917303525,1.0,1.0,1.7928801166805526,0.7,0.7576310524209684,2.5009829998016357,0.5177583694458008,0.5185251235961914,0.9994015693664551,
92,sae_diff,target,0.011639944179999834,1.0,1.0,1.3423453808334285,0.688,0.7603201280512205,2.9489002227783203,0.5177583694458008,0.5185251235961914,0.9994015693664551,
92,sae_acts_post,target,0.014875316273045693,1.0,1.0,2.0368957900820166,0.662,0.6887234893957582,4.350639820098877,,,,
92,sae_acts_and_error,target,0.011627263019708092,1.0,1.0,1.339157224114246,0.694,0.760672268907563,2.947387218475342,0.5177583694458008,0.5185251235961914,0.9994015693664551,"[10403, 13354, 13716]"
93,sae_input,target,0.0076237822904767685,1.0,1.0,1.7908013522753212,0.672,0.7451602056011913,2.4583394527435303,0.5297883749008179,0.5309841632843018,0.9991824626922607,
93,sae_diff,target,0.010656032849897183,1.0,1.0,1.580966249071719,0.654,0.719716257545916,2.851680278778076,0.5297883749008179,0.5309841632843018,0.9991824626922607,
93,sae_acts_post,target,0.015068499843105564,1.0,1.0,1.8068331629171863,0.668,0.7198443579766538,4.495751857757568,,,,
93,sae_acts_and_error,target,0.010698479909199473,1.0,1.0,1.5859872060024072,0.658,0.7185153160077501,2.8559913635253906,0.5297883749008179,0.5309841632843018,0.9991824626922607,"[9666, 15077, 9880]"
94,sae_input,target,0.007794924861445151,1.0,1.0,1.8916447450632472,0.72,0.7460309839318865,2.477893829345703,0.5251206159591675,0.5261971354484558,0.9988396167755127,
94,sae_diff,target,0.011187569912654995,1.0,1.0,1.576779092422812,0.674,0.7140547980282952,2.9025511741638184,0.5251206159591675,0.5261971354484558,0.9988396167755127,
94,sae_acts_post,target,0.01471526694506546,1.0,1.0,1.952760052969931,0.654,0.7101017860572305,4.446678638458252,,,,
94,sae_acts_and_error,target,0.011195103729033583,1.0,1.0,1.573220357817305,0.67,0.7153031175981052,2.9034526348114014,0.5251206159591675,0.5261971354484558,0.9988396167755127,"[3935, 9666, 15003]"
95,sae_input,target,0.00779777440575464,1.0,0.9999999999999999,1.735043764222402,0.7,0.7522903453136011,2.4812326431274414,0.532390832901001,0.5346075892448425,0.9994978904724121,
95,sae_diff,target,0.01060273772401694,1.0,0.9999999999999999,1.5727155602136393,0.686,0.7226119546415528,2.8573694229125977,0.532390832901001,0.5346075892448425,0.9994978904724121,
95,sae_acts_post,target,0.01543835902433844,1.0,1.0,1.7766721946362871,0.674,0.7290185149593184,4.46369743347168,,,,
95,sae_acts_and_error,target,0.010615564417902495,1.0,1.0,1.5674234035995604,0.684,0.7233006598757128,2.8585543632507324,0.532390832901001,0.5346075892448425,0.9994978904724121,"[13716, 4810, 9666]"
96,sae_input,target,0.008135697582150157,1.0,1.0,1.6545907446087158,0.718,0.7739421291850714,2.5175225734710693,0.5020946860313416,0.5050052404403687,0.9989029765129089,
96,sae_diff,target,0.011533819584806424,1.0,1.0,1.2247081482903723,0.71,0.7705812688048141,2.9453022480010986,0.5020946860313416,0.5050052404403687,0.9989029765129089,
96,sae_acts_post,target,0.015351903449069918,1.0,1.0,1.9689437063228288,0.702,0.7260258626208309,4.563701152801514,,,,
96,sae_acts_and_error,target,0.011562906147161033,1.0,1.0,1.2301944684276036,0.712,0.770485244222521,2.948408842086792,0.5020946860313416,0.5050052404403687,0.9989029765129089,"[14461, 14132, 5295]"
97,sae_input,target,0.008174612887822737,1.0,1.0,1.7132466815473153,0.744,0.7893305171530978,2.5267868041992188,0.5368911623954773,0.5396207571029663,0.9987298846244812,
97,sae_diff,target,0.01110298798037428,1.0,1.0,1.4734996949723276,0.706,0.7520321300563237,2.9073681831359863,0.5368911623954773,0.5396207571029663,0.9987298846244812,
97,sae_acts_post,target,0.01591258936830503,1.0,1.0,1.6995316563351628,0.694,0.7478558627752175,4.468414783477783,,,,
97,sae_acts_and_error,target,0.01112390618294912,1.0,1.0,1.478376510055471,0.692,0.7516481054787506,2.909367799758911,0.5368911623954773,0.5396207571029663,0.9987298846244812,"[1360, 14132, 8087]"
98,sae_input,target,0.008129545412152106,1.0,1.0,1.5844136266266324,0.696,0.7727913383304504,2.5174360275268555,0.5246378183364868,0.5271826982498169,0.9987983107566833,
98,sae_diff,target,0.01111660275166124,1.0,1.0,1.5562740292002888,0.698,0.7452431289640592,2.8985085487365723,0.5246378183364868,0.5271826982498169,0.9987983107566833,
98,sae_acts_post,target,0.015003776604022995,1.0,1.0,1.8176342357005106,0.718,0.7463162278172848,4.54006814956665,,,,
98,sae_acts_and_error,target,0.011124488290016457,1.0,1.0,1.5602177004382354,0.694,0.7444423089243386,2.8995676040649414,0.5246378183364868,0.5271826982498169,0.9987983107566833,"[9666, 14132, 13354]"
99,sae_input,target,0.007693554252539016,1.0,1.0,1.8893784588454077,0.702,0.7472440818165725,2.4652981758117676,0.5250173807144165,0.5264744162559509,0.9993603825569153,
99,sae_diff,target,0.01128496843005338,1.0,0.9999999999999999,1.3254198547272835,0.694,0.7577527800576127,2.9198157787323,0.5250173807144165,0.5264744162559509,0.9993603825569153,
99,sae_acts_post,target,0.015892688790755297,1.0,1.0,1.6671373665162705,0.696,0.7449266965995589,4.436611175537109,,,,
99,sae_acts_and_error,target,0.011288650105967874,1.0,1.0,1.329320691438083,0.694,0.7580585461626353,2.9203264713287354,0.5250173807144165,0.5264744162559509,0.9993603825569153,"[690, 10281, 744]"
