Seed,Feature_Type,Train_Loss,Train_Accuracy,Train_ROC_AUC,Test_Loss,Test_Accuracy,Test_ROC_AUC,Weight_Norm,Cosine_Sim_Input_Error,Cosine_Sim_Input_Combined,Cosine_Sim_Error_Combined,Top_k_Indices
0,sae_input,0.023499353946628495,0.999375,0.9999992187304683,1.2558836997928993,0.7375,0.792717086834734,3.158937692642212,0.5976362824440002,0.5991995930671692,0.9927165508270264,
0,sae_diff,0.023325621139514193,0.999375,0.9999992187304683,1.0022904079210984,0.6775,0.7869647859143657,3.261936902999878,0.5976362824440002,0.5991995930671692,0.9927165508270264,
0,sae_acts_post,0.11974666458386618,0.98375,0.9986241843546089,0.9670562702060326,0.6775,0.7520008003201281,2.8291175365448,,,,
0,sae_acts_and_error,0.023436947321076956,0.999375,0.9999992187304683,1.0064658403321376,0.68,0.7878151260504201,3.2653515338897705,0.5976362824440002,0.5991995930671692,0.9927165508270264,"[7558, 11719, 11183, 15105, 7663, 14668]"
1,sae_input,0.021386344506129792,1.0,1.0,1.2862008342202458,0.715,0.7846903165875825,3.1099965572357178,0.618973970413208,0.6205559968948364,0.9984104633331299,
1,sae_diff,0.021818684434740384,1.0,1.0,1.1439685924762577,0.695,0.7649067309382138,3.245310068130493,0.618973970413208,0.6205559968948364,0.9984104633331299,
1,sae_acts_post,0.11943050957754973,0.98375,0.9992154178212684,1.00710293753962,0.6775,0.7448971906304136,2.875779628753662,,,,
1,sae_acts_and_error,0.021842284742694926,1.0,1.0,1.1488267684566775,0.695,0.7642037608897592,3.2461836338043213,0.618973970413208,0.6205559968948364,0.9984104633331299,"[4339, 14668, 7917, 14261, 185, 1115]"
2,sae_input,0.021787152289519714,1.0,1.0,1.4003776714579284,0.72,0.7821038935041538,3.1367454528808594,0.5944513082504272,0.5992887616157532,0.9947795867919922,
2,sae_diff,0.022162192001780313,1.0,1.0,1.2027312088472704,0.735,0.7835301771594436,3.25034499168396,0.5944513082504272,0.5992887616157532,0.9947795867919922,
2,sae_acts_post,0.11628726697042575,0.988125,0.9994202798907439,1.006619212888702,0.7,0.7522270043038735,2.927748680114746,,,,
2,sae_acts_and_error,0.02226637871025786,1.0,1.0,1.209770186235491,0.72,0.7815533980582524,3.2535767555236816,0.5944513082504272,0.5992887616157532,0.9947795867919922,"[1115, 89, 14690, 11719, 10776, 13853]"
3,sae_input,0.022822011807054246,0.999375,0.9999992187451172,1.344675019540179,0.73,0.7785778577857785,3.1313412189483643,0.5909988880157471,0.594749391078949,0.9889653921127319,
3,sae_diff,0.022499104853762945,0.999375,0.9999992187451172,1.1939639560521027,0.6625,0.7357985798579858,3.2213807106018066,0.5909988880157471,0.594749391078949,0.9889653921127319,
3,sae_acts_post,0.11241415902006613,0.99,0.99952734079588,1.277322786675164,0.6225,0.6757425742574257,2.8803999423980713,,,,
3,sae_acts_and_error,0.022621608048518493,0.999375,0.9999992187451171,1.2136383950865757,0.6625,0.7334983498349835,3.2235758304595947,0.5909988880157471,0.594749391078949,0.9889653921127319,"[11719, 2442, 2640, 14690, 5602, 13152]"
4,sae_input,0.020894868571558697,0.999375,0.9999992187487794,1.4408464876705092,0.67,0.7477186929673241,3.0418238639831543,0.6045740842819214,0.6085426807403564,0.9922311305999756,
4,sae_diff,0.022735711109605584,0.999375,0.9999992187487793,1.1385631087317818,0.6775,0.751068776719418,3.2166037559509277,0.6045740842819214,0.6085426807403564,0.9922311305999756,
4,sae_acts_post,0.1183755116376527,0.98625,0.9992523425817852,1.1084567798114358,0.6775,0.7249681242031051,2.7709476947784424,,,,
4,sae_acts_and_error,0.0227734323769589,0.999375,0.9999992187487793,1.1435170931980752,0.6775,0.7514437860946523,3.2176246643066406,0.6045740842819214,0.6085426807403564,0.9922311305999756,"[11719, 14690, 4339, 346, 1470, 15324]"
5,sae_input,0.022149813962516928,0.999375,0.9999992187060522,1.3049519866673256,0.7325,0.7730457411670504,3.10725998878479,0.6112774014472961,0.6175538301467896,0.989290714263916,
5,sae_diff,0.022663919775970442,0.999375,0.9999992187060521,1.1627668688902515,0.6725,0.761610449404464,3.2377288341522217,0.6112774014472961,0.6175538301467896,0.989290714263916,
5,sae_acts_post,0.12086335744820056,0.98375,0.9988913438880936,1.067893818492776,0.69,0.7239765789210288,2.7645981311798096,,,,
5,sae_acts_and_error,0.022846666596561836,0.999375,0.9999992187060522,1.1605041151595665,0.685,0.7623110799719747,3.241551399230957,0.6112774014472961,0.6175538301467896,0.989290714263916,"[11719, 216, 12155, 15105, 1410, 2442]"
6,sae_input,0.022097627519677063,0.999375,0.9999992186901809,1.5280046268681415,0.7125,0.7628595028910415,3.0980305671691895,0.5893985033035278,0.589965283870697,0.9930123090744019,
6,sae_diff,0.022450689260387402,0.999375,0.9999992186901809,1.2537920958476902,0.71,0.7646617105954794,3.2270636558532715,0.5893985033035278,0.589965283870697,0.9930123090744019,
6,sae_acts_post,0.11405652447236889,0.985,0.9993976101295255,1.2101230233728708,0.67,0.7284924031939126,2.828321933746338,,,,
6,sae_acts_and_error,0.02260298476470118,0.999375,0.9999992186901809,1.2658200101001689,0.715,0.7620334910265074,3.2307488918304443,0.5893985033035278,0.589965283870697,0.9930123090744019,"[10152, 13152, 15105, 11719, 89, 13853]"
7,sae_input,0.022482669228980193,0.999375,0.9999992187194813,1.2421718846904597,0.7375,0.7875422138836773,3.134737968444824,0.5968479514122009,0.6023918390274048,0.9901393055915833,
7,sae_diff,0.022821950476482014,0.999375,0.9999992187194813,1.2006600814324555,0.7075,0.7536960600375234,3.242187976837158,0.5968479514122009,0.6023918390274048,0.9901393055915833,
7,sae_acts_post,0.12375461479565146,0.980625,0.9988757373334897,0.8325981655271392,0.715,0.773733583489681,2.852128744125366,,,,
7,sae_acts_and_error,0.022953782605051643,0.999375,0.9999992187194813,1.2070916899015225,0.7075,0.7538961851156972,3.246685266494751,0.5968479514122009,0.6023918390274048,0.9901393055915833,"[7558, 9828, 11719, 14690, 2442, 12155]"
8,sae_input,0.02401920094147777,0.999375,0.999999218690181,1.022071044631923,0.7625,0.8116192335611123,3.207693576812744,0.5744385123252869,0.578544020652771,0.9910412430763245,
8,sae_diff,0.022152856525693244,0.999375,0.9999992186901809,1.1973836300585237,0.6875,0.7680408500413007,3.2168145179748535,0.5744385123252869,0.578544020652771,0.9910412430763245,
8,sae_acts_post,0.11934735868976677,0.985,0.9992835388959467,1.0029300823247298,0.6875,0.7435858927185802,2.958932876586914,,,,
8,sae_acts_and_error,0.0224426984832116,0.999375,0.999999218690181,1.198752585837974,0.69,0.7661134890240545,3.2247543334960938,0.5744385123252869,0.578544020652771,0.9910412430763245,"[10152, 7558, 2327, 11719, 2442, 14668]"
9,sae_input,0.021149428969361693,1.0,1.0,1.7573484642093127,0.675,0.7172847265870522,3.0829973220825195,0.5896651744842529,0.5912670493125916,0.9954759478569031,
9,sae_diff,0.02054987765849494,1.0,1.0,1.4283903730351966,0.67,0.7140917661847894,3.1723859310150146,0.5896651744842529,0.5912670493125916,0.9954759478569031,
9,sae_acts_post,0.11180775447917035,0.98875,0.9995342112461412,1.24115280969233,0.6375,0.671426775612822,2.8709678649902344,,,,
9,sae_acts_and_error,0.02071236760933549,1.0,1.0,1.4366328338055256,0.67,0.7122061596480201,3.1803598403930664,0.5896651744842529,0.5912670493125916,0.9954759478569031,"[4339, 11719, 12254, 14690, 9261, 14069]"
10,sae_input,0.022025417935234774,0.999375,1.0,1.5780534715924261,0.7025,0.7550330528846154,3.1122143268585205,0.6039198040962219,0.6045365333557129,0.9934208393096924,
10,sae_diff,0.022045986263952155,0.999375,0.9999992186718671,1.2829875394499646,0.685,0.7484975961538461,3.204117774963379,0.6039198040962219,0.6045365333557129,0.9934208393096924,
10,sae_acts_post,0.11637947401871056,0.98875,0.9991874187418742,1.1126116154416024,0.675,0.7287910657051282,2.913835287094116,,,,
10,sae_acts_and_error,0.022134631938566473,0.999375,0.9999984373437343,1.2945225213904876,0.68,0.7481720753205128,3.207207441329956,0.6039198040962219,0.6045365333557129,0.9934208393096924,"[4339, 13853, 11719, 7558, 8343, 13152]"
11,sae_input,0.021428197505902604,0.999375,0.99999921875,1.518437064010022,0.6825,0.7386749999999999,3.0723650455474854,0.60649174451828,0.6108337640762329,0.9917439818382263,
11,sae_diff,0.022524876962110342,0.999375,0.99999921875,1.215196447770644,0.695,0.74775,3.2293336391448975,0.60649174451828,0.6108337640762329,0.9917439818382263,
11,sae_acts_post,0.11812050597967776,0.98625,0.99918671875,1.0478785599718103,0.6875,0.7286249999999999,2.8708503246307373,,,,
11,sae_acts_and_error,0.022658693149921572,0.999375,0.99999921875,1.2078369604593657,0.6975,0.7501749999999999,3.2329723834991455,0.60649174451828,0.6108337640762329,0.9917439818382263,"[11719, 3160, 14690, 12155, 14261, 12254]"
12,sae_input,0.022086914957524587,1.0,1.0,1.2999893216106477,0.7075,0.7773358348968106,3.1604745388031006,0.5831322073936462,0.5856638550758362,0.9924996495246887,
12,sae_diff,0.022081616430266945,1.0,1.0,1.18433559323721,0.715,0.7723076923076924,3.256711006164551,0.5831322073936462,0.5856638550758362,0.9924996495246887,
12,sae_acts_post,0.12097203481251398,0.985,0.9989718348372983,1.1306985548046997,0.6475,0.7175984990619138,2.85638165473938,,,,
12,sae_acts_and_error,0.022347758666029904,1.0,1.0,1.1902421416563334,0.7,0.7735834896810506,3.2643227577209473,0.5831322073936462,0.5856638550758362,0.9924996495246887,"[5867, 11719, 13601, 2442, 16223, 12254]"
13,sae_input,0.022255807083036493,0.999375,0.9999992187451172,1.2690297880454602,0.725,0.7978297829782978,3.1317365169525146,0.5808351635932922,0.5819852352142334,0.9957351684570312,
13,sae_diff,0.023297323073537365,0.999375,0.9999992187451171,1.0701804451762111,0.7,0.7837033703370337,3.272569417953491,0.5808351635932922,0.5819852352142334,0.9957351684570312,
13,sae_acts_post,0.11715041288464074,0.984375,0.9991960887255545,1.0721529276017114,0.7,0.7428992899289929,2.767176389694214,,,,
13,sae_acts_and_error,0.023370738303660578,0.999375,0.9999992187451172,1.0627974855419142,0.705,0.7843784378437844,3.2736079692840576,0.5808351635932922,0.5819852352142334,0.9957351684570312,"[2640, 14690, 7558, 453, 5867, 2442]"
14,sae_input,0.021265623392714633,0.999375,0.9999992185436466,1.3376423459613318,0.7175,0.7782129497125355,3.066911220550537,0.5941081047058105,0.5975582599639893,0.9914208650588989,
14,sae_diff,0.021428088735198997,0.999375,0.9999992185436467,1.2454754158480303,0.7125,0.7612412442569858,3.1742184162139893,0.5941081047058105,0.5975582599639893,0.9914208650588989,
14,sae_acts_post,0.11178193663769698,0.990625,0.9995975499780411,1.3096896090526349,0.6475,0.6877306620471493,2.9413328170776367,,,,
14,sae_acts_and_error,0.021377451971361063,0.999375,0.9999992185436466,1.2647948535155364,0.71,0.7590821219653033,3.169140338897705,0.5941081047058105,0.5975582599639893,0.9914208650588989,"[2442, 15324, 11719, 4362, 14261, 3160]"
15,sae_input,0.023472219256528398,0.999375,0.9999992185436467,1.0445120213952606,0.7325,0.8000552333609501,3.1633670330047607,0.6110057830810547,0.6140057444572449,0.9908888339996338,
15,sae_diff,0.022873798713481254,0.999375,0.9999992185436467,1.2330489775719256,0.715,0.7613918806959404,3.2463531494140625,0.6110057830810547,0.6140057444572449,0.9908888339996338,
15,sae_acts_post,0.11532873197869396,0.986875,0.9992818416113004,1.1713104018473244,0.66,0.7140167206447239,2.833301305770874,,,,
15,sae_acts_and_error,0.023181279618072495,0.999375,0.9999992185436467,1.2393195170620959,0.7125,0.7617182596470086,3.2574985027313232,0.6110057830810547,0.6140057444572449,0.9908888339996338,"[11719, 2327, 14261, 811, 1115, 7080]"
16,sae_input,0.022297656269443574,0.999375,0.9999992182112987,1.2739332925450533,0.71,0.7840440860486868,3.126558542251587,0.5900641679763794,0.590558648109436,0.9948104023933411,
16,sae_diff,0.022747417165891026,0.999375,0.9999992182112987,1.073846293905073,0.71,0.7654136858869032,3.2377421855926514,0.5900641679763794,0.590558648109436,0.9948104023933411,
16,sae_acts_post,0.12040688776179004,0.984375,0.9988421709334088,1.0783055601637443,0.6725,0.7189008822265477,2.7815001010894775,,,,
16,sae_acts_and_error,0.022880317349969682,0.999375,0.9999992182112988,1.0984090083257019,0.7075,0.7622032912864329,3.242046356201172,0.5900641679763794,0.590558648109436,0.9948104023933411,"[14690, 11719, 12254, 4259, 15498, 89]"
17,sae_input,0.02167100528163899,0.999375,0.9999992183970574,1.447875767261092,0.6975,0.7526881720430108,3.0785844326019287,0.6077914834022522,0.609940767288208,0.9917149543762207,
17,sae_diff,0.02257841569906696,0.999375,0.9999992183970574,1.204173099936129,0.685,0.7560121880587242,3.226212739944458,0.6077914834022522,0.609940767288208,0.9917149543762207,
17,sae_acts_post,0.1175541936730141,0.98625,0.99898157136582,1.1648327373194822,0.665,0.7049683966659113,2.850679874420166,,,,
17,sae_acts_and_error,0.022691270335691325,0.999375,0.9999992183970574,1.212408175575257,0.695,0.7552567298733348,3.23004150390625,0.6077914834022522,0.609940767288208,0.9917149543762207,"[89, 1410, 15105, 11719, 12006, 15856]"
18,sae_input,0.021049821467630327,1.0,0.9999999999999999,1.3987824333950123,0.7025,0.7606003752345216,3.0923779010772705,0.6000673770904541,0.6044421195983887,0.9920599460601807,
18,sae_diff,0.021742589121223434,1.0,1.0,1.1103789431629918,0.7425,0.7833395872420263,3.22546124458313,0.6000673770904541,0.6044421195983887,0.9920599460601807,
18,sae_acts_post,0.11888881406232091,0.98625,0.9992640337513184,1.0474169077466589,0.6725,0.7384365228267668,2.8294992446899414,,,,
18,sae_acts_and_error,0.021997823869785892,1.0,1.0,1.1112851926992848,0.74,0.783464665415885,3.2368392944335938,0.6000673770904541,0.6044421195983887,0.9920599460601807,"[11719, 14690, 2327, 12155, 14261, 13942]"
19,sae_input,0.022344662262392418,0.999375,0.9999992186279106,1.23027376600224,0.6875,0.7700751879699248,3.1304569244384766,0.5900196433067322,0.5918072462081909,0.994341254234314,
19,sae_diff,0.023582958062211744,0.999375,0.9999992186279106,0.9917143096193343,0.705,0.7845363408521303,3.2824535369873047,0.5900196433067322,0.5918072462081909,0.994341254234314,
19,sae_acts_post,0.11772227471565427,0.984375,0.9991990936083763,1.1331052573606115,0.645,0.7037593984962406,2.8732824325561523,,,,
19,sae_acts_and_error,0.023756551259021895,0.999375,0.9999992186279105,0.9947623851699273,0.7225,0.7872431077694236,3.29012131690979,0.5900196433067322,0.5918072462081909,0.994341254234314,"[11719, 15105, 7663, 2898, 3160, 811]"
20,sae_input,0.022129820996205786,0.999375,0.9999992187487793,1.5388017473311344,0.7125,0.7551688792219805,3.10933256149292,0.5814799070358276,0.5831257104873657,0.9955963492393494,
20,sae_diff,0.02231298324651105,0.999375,0.9999992187487793,1.1785130444551257,0.7275,0.7891947298682467,3.224513292312622,0.5814799070358276,0.5831257104873657,0.9955963492393494,
20,sae_acts_post,0.11507266078746449,0.985625,0.9991664049475079,1.1304202344077028,0.6525,0.7008675216880422,2.9206619262695312,,,,
20,sae_acts_and_error,0.02242301782750476,0.999375,0.9999992187487793,1.1799163691457344,0.7225,0.7888697217430435,3.230212688446045,0.5814799070358276,0.5831257104873657,0.9955963492393494,"[7558, 10152, 346, 11719, 14690, 2001]"
21,sae_input,0.022040891006921876,1.0,1.0,1.3850610738963385,0.735,0.7819127651060425,3.141017436981201,0.5892491936683655,0.5917701125144958,0.9930782914161682,
21,sae_diff,0.02161510947361307,1.0,1.0,1.2154776597113313,0.7125,0.7645558223289315,3.233035087585449,0.5892491936683655,0.5917701125144958,0.9930782914161682,
21,sae_acts_post,0.11586444574384995,0.98375,0.9992656066401661,1.1494898518477203,0.6625,0.7048069227691076,2.822115421295166,,,,
21,sae_acts_and_error,0.021780201875548445,1.0,1.0,1.2210266606440776,0.72,0.7644057623049219,3.2376983165740967,0.5892491936683655,0.5917701125144958,0.9930782914161682,"[11719, 14668, 9828, 7558, 15105, 14690]"
22,sae_input,0.022257629691176662,0.999375,0.9999992186511106,1.3191086160155965,0.71,0.7825596833588017,3.131486415863037,0.6043950319290161,0.608626127243042,0.9955046772956848,
22,sae_diff,0.02268360848601859,0.999375,0.9999992186511104,1.190859221157957,0.6775,0.7581853252836994,3.2331202030181885,0.6043950319290161,0.608626127243042,0.9955046772956848,
22,sae_acts_post,0.11819807687876743,0.9875,0.9992491237172204,1.0679075732975203,0.675,0.7284000100202911,2.9329633712768555,,,,
22,sae_acts_and_error,0.02277765049262987,0.999375,0.9999992186511106,1.20383627151719,0.6675,0.7568075352588994,3.2345776557922363,0.6043950319290161,0.608626127243042,0.9955046772956848,"[89, 14690, 216, 185, 7508, 2442]"
23,sae_input,0.021796670350010972,0.999375,0.9999992183970574,1.4267722697578529,0.7125,0.7708947143108962,3.0912814140319824,0.5809199810028076,0.5829381942749023,0.9941777586936951,
23,sae_diff,0.022329985412841237,0.999375,0.9999992183970573,1.2018934079397408,0.7225,0.7743446400241746,3.223175525665283,0.5809199810028076,0.5829381942749023,0.9941777586936951,
23,sae_acts_post,0.11916289595628776,0.9825,0.9990300307482598,1.029084848190267,0.6575,0.7298985167837626,2.899704694747925,,,,
23,sae_acts_and_error,0.022459584496840865,0.999375,0.9999992183970573,1.2076020314482139,0.72,0.7731610888670647,3.2280795574188232,0.5809199810028076,0.5829381942749023,0.9941777586936951,"[7663, 11719, 12155, 8589, 1469, 13152]"
24,sae_input,0.021276935306377674,1.0,1.0,1.1538973186328227,0.7175,0.7863577219497547,3.1286532878875732,0.585004448890686,0.590337336063385,0.9913520812988281,
24,sae_diff,0.021828467040873746,1.0,0.9999999999999999,1.1440372688401301,0.6975,0.7585577019317385,3.245072364807129,0.585004448890686,0.590337336063385,0.9913520812988281,
24,sae_acts_post,0.1156769391787724,0.9875,0.9993562137870254,1.0619862054499312,0.6625,0.727404664197778,2.825157403945923,,,,
24,sae_acts_and_error,0.022110764085329984,1.0,1.0,1.1495273213988368,0.685,0.7560304273846461,3.2537505626678467,0.585004448890686,0.590337336063385,0.9913520812988281,"[11719, 2442, 12155, 4339, 10337, 15498]"
25,sae_input,0.022518419206173965,0.999375,0.9999992187060521,1.365134536637699,0.7025,0.7770993894505054,3.131533622741699,0.591918408870697,0.5920460820198059,0.9942246079444885,
25,sae_diff,0.02314026220080149,0.999375,0.9999992187060522,1.124504646402414,0.6975,0.7700180162145933,3.2694733142852783,0.591918408870697,0.5920460820198059,0.9942246079444885,
25,sae_acts_post,0.1196557318097191,0.986875,0.9993429317899132,1.116113845167212,0.68,0.7249524572114904,2.873706102371216,,,,
25,sae_acts_and_error,0.023263836512777934,0.999375,0.9999992187060522,1.152416974400033,0.6975,0.7658893003703333,3.274960994720459,0.591918408870697,0.5920460820198059,0.9942246079444885,"[7558, 11719, 10152, 9588, 7569, 16223]"
26,sae_input,0.022024430832767193,0.999375,0.9999992186901809,1.2211572601454694,0.7075,0.7862882030487346,3.1211137771606445,0.5778768062591553,0.5790736079216003,0.9955805540084839,
26,sae_diff,0.02279750765505195,0.999375,0.9999992186901809,1.0090311958307858,0.715,0.7803809666841881,3.249263286590576,0.5778768062591553,0.5790736079216003,0.9955805540084839,
26,sae_acts_post,0.11608437392522014,0.98875,0.9993226043868983,1.0758022031017045,0.655,0.7285174338564743,2.9042279720306396,,,,
26,sae_acts_and_error,0.022952978739425298,0.999375,0.9999992186901809,1.0128029029977823,0.7,0.7780280844033941,3.254666328430176,0.5778768062591553,0.5790736079216003,0.9955805540084839,"[11719, 3160, 10535, 2243, 6491, 1050]"
27,sae_input,0.022041987890532813,0.999375,0.9999992187304682,1.3180963388173637,0.7375,0.7697078831532613,3.1227991580963135,0.6021701693534851,0.6044071316719055,0.9943840503692627,
27,sae_diff,0.022451308990592323,0.999375,0.9999992187304683,1.1194395486489574,0.7125,0.7654311724689875,3.245605230331421,0.6021701693534851,0.6044071316719055,0.9943840503692627,
27,sae_acts_post,0.11555878929041612,0.986875,0.9993929535738393,1.0449217516009568,0.6875,0.7452731092436975,2.914666175842285,,,,
27,sae_acts_and_error,0.02253366260477051,0.999375,0.9999992187304683,1.1239357077158305,0.7225,0.766031412565026,3.247361421585083,0.6021701693534851,0.6044071316719055,0.9943840503692627,"[11719, 14668, 12155, 7663, 4262, 15324]"
28,sae_input,0.021737582111294732,0.999375,0.9999992187451172,1.1750185156170005,0.7275,0.7946544654465446,3.1066479682922363,0.5895007848739624,0.5924961566925049,0.9952943921089172,
28,sae_diff,0.021758507248850957,0.999375,0.9999992187451171,1.132127346851927,0.715,0.7693269326932693,3.212709903717041,0.5895007848739624,0.5924961566925049,0.9952943921089172,
28,sae_acts_post,0.12058800414761672,0.98375,0.9988867117919487,0.925615636920849,0.6875,0.7543754375437544,2.8156702518463135,,,,
28,sae_acts_and_error,0.021886297621037398,0.999375,0.9999992187451171,1.1271454489118462,0.7125,0.77002700270027,3.218841075897217,0.5895007848739624,0.5924961566925049,0.9952943921089172,"[3309, 12155, 11719, 12006, 966, 7663]"
29,sae_input,0.023052739841563308,0.999375,0.9999992185436467,1.2714766508050017,0.73,0.7911425773894706,3.1554791927337646,0.5954715013504028,0.5981140732765198,0.9922270774841309,
29,sae_diff,0.023163376389004006,0.999375,0.9999992185436467,1.03561702322003,0.7225,0.7908413045115614,3.265272378921509,0.5954715013504028,0.5981140732765198,0.9922270774841309,
29,sae_acts_post,0.1161438882931705,0.984375,0.9992990336510735,1.1465727000369919,0.68,0.7232808616404308,2.939239740371704,,,,
29,sae_acts_and_error,0.023203325638993015,0.999375,0.9999992185436468,1.0575514086456883,0.725,0.7890336672441064,3.262850761413574,0.5954715013504028,0.5981140732765198,0.9922270774841309,"[11719, 6229, 7508, 1470, 2442, 14690]"
30,sae_input,0.023446727323889686,0.999375,0.99999921875,1.1400577540188666,0.7275,0.8086749999999999,3.1696150302886963,0.5883837342262268,0.5892433524131775,0.9929691553115845,
30,sae_diff,0.022873358293966098,0.999375,0.99999921875,1.1743748613793974,0.7025,0.7615250000000001,3.2449097633361816,0.5883837342262268,0.5892433524131775,0.9929691553115845,
30,sae_acts_post,0.12005551449630972,0.985,0.9989054687500001,1.0653755661502577,0.655,0.7338999999999999,2.866878032684326,,,,
30,sae_acts_and_error,0.02308045385867753,0.999375,0.99999921875,1.1980120377888546,0.7025,0.75955,3.2517476081848145,0.5883837342262268,0.5892433524131775,0.9929691553115845,"[10152, 11719, 11128, 4527, 15105, 8308]"
31,sae_input,0.022409764798280284,0.999375,0.9999992187304683,1.582211936365599,0.705,0.7462234893957582,3.124336004257202,0.5960631966590881,0.598486602306366,0.9938884973526001,
31,sae_diff,0.022036098734775758,0.999375,0.9999992187304683,1.4287990904401362,0.69,0.7275160064025611,3.19700026512146,0.5960631966590881,0.598486602306366,0.9938884973526001,
31,sae_acts_post,0.11858301611579003,0.985,0.99911013400335,1.045783787944564,0.655,0.7282412965186076,2.8702476024627686,,,,
31,sae_acts_and_error,0.022072497370105373,0.999375,0.9999992187304684,1.448233311382674,0.6875,0.7278911564625851,3.195413589477539,0.5960631966590881,0.598486602306366,0.9938884973526001,"[5867, 216, 9732, 6491, 11719, 2442]"
32,sae_input,0.019462047835325343,1.0,0.9999999999999999,1.5224233676278913,0.7025,0.7522752275227523,3.026623010635376,0.6118146181106567,0.614767849445343,0.9938496947288513,
32,sae_diff,0.02064841133074156,1.0,1.0,1.2359432129527503,0.6875,0.7396739673967396,3.1832902431488037,0.6118146181106567,0.614767849445343,0.9938496947288513,
32,sae_acts_post,0.1152358650846672,0.98625,0.9994156213476334,1.113501577295252,0.665,0.7089458945894589,2.848676919937134,,,,
32,sae_acts_and_error,0.020772660479325224,1.0,1.0,1.2420646904945114,0.6925,0.7392239223922392,3.1896979808807373,0.6118146181106567,0.614767849445343,0.9938496947288513,"[2640, 11719, 10685, 11128, 2327, 14690]"
33,sae_input,0.0220086865050635,0.999375,1.0,1.2397161015957636,0.745,0.7985249999999999,3.1013588905334473,0.5953221917152405,0.5962165594100952,0.992500901222229,
33,sae_diff,0.02194484964307624,0.999375,1.0,1.1265011550868709,0.7125,0.7690250000000001,3.2140707969665527,0.5953221917152405,0.5962165594100952,0.992500901222229,
33,sae_acts_post,0.11845713132037776,0.98375,0.999028125,1.0903738707028645,0.7025,0.736025,2.734158992767334,,,,
33,sae_acts_and_error,0.021934976118962765,0.999375,0.9999984375,1.1480948718901351,0.71,0.765075,3.2114462852478027,0.5953221917152405,0.5962165594100952,0.992500901222229,"[11719, 14690, 13152, 3160, 2442, 7080]"
34,sae_input,0.021236620612247636,0.999375,0.999999218690181,1.5036587129621575,0.7125,0.7596806087457135,3.0893771648406982,0.5988745093345642,0.6022633910179138,0.9920629262924194,
34,sae_diff,0.021693581360706045,0.999375,0.999999218690181,1.2831331464061446,0.68,0.751420490100373,3.204681158065796,0.5988745093345642,0.6022633910179138,0.9920629262924194,
34,sae_acts_post,0.11772738693176737,0.989375,0.9992022826747674,1.0494662556355145,0.685,0.7456634377111963,2.862361192703247,,,,
34,sae_acts_and_error,0.0218838148630965,0.999375,0.999999218690181,1.2951082439976929,0.6775,0.7514705514254962,3.211061477661133,0.5988745093345642,0.6022633910179138,0.9920629262924194,"[14690, 811, 2442, 89, 376, 11719]"
35,sae_input,0.020990512337577715,1.0,1.0,1.1886235313768745,0.7175,0.7816719044626022,3.115339517593384,0.5879834294319153,0.5911047458648682,0.9935718178749084,
35,sae_diff,0.02151239308041788,1.0,1.0,1.1205134151397118,0.69,0.7575612822124449,3.23169207572937,0.5879834294319153,0.5911047458648682,0.9935718178749084,
35,sae_acts_post,0.1162636874140801,0.988125,0.99915439021531,1.2583671390839748,0.6425,0.6889000628535513,2.8208065032958984,,,,
35,sae_acts_and_error,0.021585098793404523,1.0,1.0,1.143453274200976,0.6825,0.7546951602765557,3.232776641845703,0.5879834294319153,0.5911047458648682,0.9935718178749084,"[11719, 12155, 1469, 15129, 4259, 13152]"
36,sae_input,0.021937120655258067,0.999375,0.9999992182614135,1.457457962384625,0.6925,0.7599242424242423,3.1006221771240234,0.5930163264274597,0.5954136252403259,0.9937273263931274,
36,sae_diff,0.02290743020510185,0.999375,0.9999992182614134,1.2388323551069447,0.6725,0.752070707070707,3.234741687774658,0.5930163264274597,0.5954136252403259,0.9937273263931274,
36,sae_acts_post,0.11550821314936055,0.985,0.9993550656660413,1.2460695639025374,0.655,0.6947222222222222,2.8262205123901367,,,,
36,sae_acts_and_error,0.02314847282315318,0.999375,0.9999992182614135,1.2461952529782507,0.6625,0.7510606060606061,3.2459592819213867,0.5930163264274597,0.5954136252403259,0.9937273263931274,"[9828, 4043, 7558, 7, 12594, 11719]"
37,sae_input,0.02124957780237863,0.999375,0.99999921875,1.5161670686694415,0.6925,0.733825,3.0676863193511963,0.6023290753364563,0.6060351729393005,0.9920246005058289,
37,sae_diff,0.021969665362133996,0.999375,0.99999921875,1.3028955231483752,0.7025,0.7406250000000001,3.199263334274292,0.6023290753364563,0.6060351729393005,0.9920246005058289,
37,sae_acts_post,0.1134213998540745,0.99125,0.99934296875,1.1503939899077715,0.6625,0.71035,2.8869690895080566,,,,
37,sae_acts_and_error,0.02222227699021744,0.999375,0.9999992187500001,1.3120231382473484,0.7,0.7414499999999999,3.207754611968994,0.6023290753364563,0.6060351729393005,0.9920246005058289,"[11719, 2442, 15927, 16223, 11393, 1410]"
38,sae_input,0.02224262945504539,0.999375,0.9999992183970574,1.264917675074445,0.7225,0.7850469643171918,3.1354832649230957,0.5994592308998108,0.6018872857093811,0.9935306310653687,
38,sae_diff,0.022504028816759513,0.999375,0.9999992183970574,1.1384171070342206,0.705,0.7786003878018684,3.247628688812256,0.5994592308998108,0.6018872857093811,0.9935306310653687,
38,sae_acts_post,0.11957538140383116,0.9875,0.9992363739251006,1.009419463174725,0.6775,0.7368739140288585,2.8766028881073,,,,
38,sae_acts_and_error,0.02259962262272621,0.999375,0.9999992183970575,1.1573770728942336,0.7025,0.7762332854876484,3.2501578330993652,0.5994592308998108,0.6018872857093811,0.9935306310653687,"[11719, 13152, 185, 14690, 2898, 2442]"
39,sae_input,0.02146873543896174,1.0,1.0,1.4029441412710129,0.7075,0.7789595725375541,3.1237423419952393,0.5743219256401062,0.5773526430130005,0.994872510433197,
39,sae_diff,0.021964262492392885,1.0,1.0,1.1735410490180729,0.6825,0.7702893436838392,3.2597768306732178,0.5743219256401062,0.5773526430130005,0.994872510433197,
39,sae_acts_post,0.11098887761319208,0.988125,0.9993871897648184,1.140355746390395,0.6575,0.7275430991027321,2.889660596847534,,,,
39,sae_acts_and_error,0.022005504252749598,1.0,1.0,1.1760756784067374,0.685,0.770188527069261,3.2614028453826904,0.5743219256401062,0.5773526430130005,0.994872510433197,"[4339, 11719, 4773, 13601, 5612, 14690]"
40,sae_input,0.02184074157127472,0.999375,0.9999992182614134,1.4151367439358926,0.6775,0.7677272727272727,3.0891764163970947,0.5884525775909424,0.5906295776367188,0.9948788285255432,
40,sae_diff,0.022200486869868707,0.999375,0.9999992182614135,1.3159560983395426,0.675,0.7432575757575757,3.2076010704040527,0.5884525775909424,0.5906295776367188,0.9948788285255432,
40,sae_acts_post,0.1224307080436029,0.98,0.9988438086303939,0.9514758331971058,0.685,0.7618434343434344,2.826866865158081,,,,
40,sae_acts_and_error,0.022305937979132023,0.999375,0.9999992182614134,1.3351417309192612,0.68,0.7402777777777778,3.211359977722168,0.5884525775909424,0.5906295776367188,0.9948788285255432,"[12155, 14668, 15779, 11719, 7558, 7663]"
41,sae_input,0.01988221237574749,1.0,1.0,1.5625099032596408,0.6775,0.733214973369008,3.0369064807891846,0.5977041125297546,0.6007124781608582,0.9918957948684692,
41,sae_diff,0.02061817458295529,1.0,1.0,1.3561042981168,0.675,0.7117851516591233,3.168649435043335,0.5977041125297546,0.6007124781608582,0.9918957948684692,
41,sae_acts_post,0.11582665862615935,0.9875,0.9993328031175439,1.1189196764954752,0.64,0.7089845215173414,2.880721092224121,,,,
41,sae_acts_and_error,0.020788011234968734,1.0,1.0,1.3688977510341507,0.675,0.7101347803255732,3.174619436264038,0.5977041125297546,0.6007124781608582,0.9918957948684692,"[12155, 185, 14668, 7663, 2442, 11719]"
42,sae_input,0.02167082900844733,0.999375,0.9999992187060522,1.2454732750388624,0.705,0.7730957862075869,3.0994343757629395,0.5909499526023865,0.5952978134155273,0.9897522926330566,
42,sae_diff,0.021718519616712468,0.999375,0.9999992187060522,1.157785529673198,0.72,0.763161845661095,3.199845552444458,0.5909499526023865,0.5952978134155273,0.9897522926330566,
42,sae_acts_post,0.11444261264277175,0.98625,0.9994882524642011,1.0744203406118913,0.6575,0.7090631568411571,2.926449775695801,,,,
42,sae_acts_and_error,0.021795712678663665,0.999375,0.9999992187060522,1.1920720354229424,0.7225,0.7581823641277149,3.2008023262023926,0.5909499526023865,0.5952978134155273,0.9897522926330566,"[11719, 14690, 2442, 12155, 4185, 14261]"
43,sae_input,0.022241502725629747,0.999375,0.9999992186718673,1.1656844885182955,0.7425,0.8151542467948718,3.1358280181884766,0.5946796536445618,0.5984967947006226,0.9906119704246521,
43,sae_diff,0.023302559928120595,0.999375,0.9999992186718671,1.0663107883498346,0.7075,0.7795723157051281,3.281681776046753,0.5946796536445618,0.5984967947006226,0.9906119704246521,
43,sae_acts_post,0.12445185861861013,0.98375,0.9988678555355535,0.9468207759313804,0.71,0.7735126201923077,2.9710512161254883,,,,
43,sae_acts_and_error,0.02358543767377759,0.999375,0.9999992186718671,1.0879513816296413,0.715,0.7772686298076923,3.2883479595184326,0.5946796536445618,0.5984967947006226,0.9906119704246521,"[7917, 5878, 11719, 2442, 12103, 13152]"
44,sae_input,0.020817341826407317,1.0,1.0,1.1741006740274493,0.725,0.8039274546591619,3.1130120754241943,0.5808658003807068,0.5821899175643921,0.9953495264053345,
44,sae_diff,0.020756184616149618,1.0,1.0,1.1747685203722873,0.6975,0.7689555972482801,3.2022173404693604,0.5808658003807068,0.5821899175643921,0.9953495264053345,
44,sae_acts_post,0.11818564384179378,0.986875,0.9991218406969022,0.9838305701367548,0.69,0.744665415884928,2.798727512359619,,,,
44,sae_acts_and_error,0.020854326308502435,1.0,1.0,1.1708774341897745,0.6925,0.7700562851782363,3.205533742904663,0.5808658003807068,0.5821899175643921,0.9953495264053345,"[12006, 376, 11719, 7663, 7558, 12663]"
45,sae_input,0.02106684908940442,1.0,1.0,1.1752046505622482,0.72,0.7959332980145816,3.121293067932129,0.5928739905357361,0.5973638892173767,0.9933035969734192,
45,sae_diff,0.022438765779169624,1.0,1.0,1.0709397050620553,0.725,0.7852367617750196,3.2732977867126465,0.5928739905357361,0.5973638892173767,0.9933035969734192,
45,sae_acts_post,0.11700102681226532,0.98375,0.9992542668599007,1.033446198744726,0.685,0.738035772849971,2.849592924118042,,,,
45,sae_acts_and_error,0.0225034139455602,1.0,0.9999999999999999,1.0769774169585509,0.7175,0.7841519715431772,3.2760353088378906,0.5928739905357361,0.5973638892173767,0.9933035969734192,"[11719, 7558, 216, 14668, 1470, 15129]"
46,sae_input,0.021718685438849188,1.0,1.0,1.5521984587408906,0.7075,0.7457134990363194,3.132880687713623,0.5940682888031006,0.598278820514679,0.9954782724380493,
46,sae_diff,0.02278126874207587,1.0,1.0,1.1583910286074193,0.6825,0.7697929964206153,3.2848377227783203,0.5940682888031006,0.598278820514679,0.9954782724380493,
46,sae_acts_post,0.11369921609896054,0.99125,0.999690601311663,1.0904831597195364,0.66,0.7238366999574478,3.04374361038208,,,,
46,sae_acts_and_error,0.02269661616727043,1.0,0.9999999999999999,1.1705904628265558,0.69,0.7674401141398212,3.281486749649048,0.5940682888031006,0.598278820514679,0.9954782724380493,"[15105, 1410, 13152, 2640, 12006, 14668]"
47,sae_input,0.020188043905490047,1.0,0.9999999999999999,1.490215347150853,0.725,0.7615796318527411,3.0660572052001953,0.610787034034729,0.6155470013618469,0.9932993650436401,
47,sae_diff,0.02118914442600339,1.0,1.0,1.24508042790308,0.6775,0.7428471388555422,3.203885078430176,0.610787034034729,0.6155470013618469,0.9932993650436401,
47,sae_acts_post,0.11516214521011127,0.98375,0.9994515487887198,1.158373659099202,0.69,0.7428221288515406,2.827306032180786,,,,
47,sae_acts_and_error,0.021312478526364313,1.0,0.9999999999999999,1.2674286808160131,0.6675,0.7415966386554622,3.208223581314087,0.610787034034729,0.6155470013618469,0.9932993650436401,"[12755, 11719, 14668, 216, 7558, 13152]"
48,sae_input,0.02259387319165108,0.999375,0.9999992187451172,1.3595553536323968,0.7125,0.7688018801880188,3.133953332901001,0.5952791571617126,0.5983675718307495,0.9933704137802124,
48,sae_diff,0.0227831987371324,0.999375,0.9999992187451172,1.1229855243203897,0.75,0.7819781978197818,3.241724967956543,0.5952791571617126,0.5983675718307495,0.9933704137802124,
48,sae_acts_post,0.1185725144942759,0.985,0.9990632753954712,1.0759523079759747,0.6575,0.7332483248324833,2.820404291152954,,,,
48,sae_acts_and_error,0.022866105683984585,0.999375,0.9999992187451171,1.1274457117546766,0.7425,0.7838033803380339,3.244089126586914,0.5952791571617126,0.5983675718307495,0.9933704137802124,"[3160, 15105, 11719, 185, 4339, 7558]"
49,sae_input,0.022576238703592,0.999375,0.9999992186718671,1.5327426722500848,0.6975,0.7412610176282052,3.1185142993927,0.5745328068733215,0.5807320475578308,0.986992597579956,
49,sae_diff,0.02292435276805459,0.999375,0.9999992186718671,1.319726754006923,0.69,0.7440655048076923,3.2381391525268555,0.5745328068733215,0.5807320475578308,0.986992597579956,
49,sae_acts_post,0.12185933209081085,0.984375,0.9988303517851784,1.2531721018575057,0.615,0.6632111378205128,2.7705302238464355,,,,
49,sae_acts_and_error,0.022817002909975327,0.999375,0.9999992186718673,1.3659997752404387,0.6925,0.738055889423077,3.2253971099853516,0.5745328068733215,0.5807320475578308,0.986992597579956,"[5639, 11719, 14690, 14305, 2442, 5065]"
50,sae_input,0.022570273251088624,0.999375,0.9999992187304684,1.3316464196159656,0.7,0.7799119647859143,3.1215147972106934,0.5796301364898682,0.5828795433044434,0.9914295077323914,
50,sae_diff,0.023344131251957525,0.999375,0.9999992187304683,1.0436254951722048,0.7325,0.7837635054021609,3.271876573562622,0.5796301364898682,0.5828795433044434,0.9914295077323914,
50,sae_acts_post,0.1174319649179159,0.986875,0.9992491999799994,1.0680551134591116,0.65,0.7299919967987195,2.9539296627044678,,,,
50,sae_acts_and_error,0.023464129114267082,0.999375,0.9999992187304683,1.0450834047512734,0.7225,0.7834133653461385,3.2735650539398193,0.5796301364898682,0.5828795433044434,0.9914295077323914,"[11719, 2442, 13601, 3160, 14668, 5867]"
51,sae_input,0.022545556066026293,0.999375,0.9999992187304683,1.5287760780867778,0.7525,0.7734593837535013,3.1238203048706055,0.5860764384269714,0.5884313583374023,0.9952427744865417,
51,sae_diff,0.022834465141342335,0.999375,0.9999984374609365,1.2854360874627617,0.6875,0.7520508203281313,3.2471096515655518,0.5860764384269714,0.5884313583374023,0.9952427744865417,
51,sae_acts_post,0.11691194900585795,0.985625,0.9989796619915497,1.1547999461867795,0.6575,0.7038315326130451,2.875075340270996,,,,
51,sae_acts_and_error,0.02297287516970035,0.999375,1.0,1.2995679185546682,0.6925,0.7513505402160864,3.2515077590942383,0.5860764384269714,0.5884313583374023,0.9952427744865417,"[89, 453, 11719, 12208, 14690, 7312]"
52,sae_input,0.02221702394481708,0.999375,0.9999992187487793,1.282750132836493,0.7125,0.7826945673641842,3.128263473510742,0.6103012561798096,0.609968364238739,0.9959745407104492,
52,sae_diff,0.02157439079386295,0.999375,0.9999992187487792,1.2655141361277227,0.7125,0.7548688717217931,3.192000389099121,0.6103012561798096,0.609968364238739,0.9959745407104492,
52,sae_acts_post,0.12125900672646868,0.9825,0.9990960923376443,1.032264024004284,0.685,0.734043351083777,2.8350491523742676,,,,
52,sae_acts_and_error,0.021695284046553673,0.999375,0.9999992187487792,1.2781157148554088,0.71,0.7517187929698242,3.19589900970459,0.6103012561798096,0.609968364238739,0.9959745407104492,"[11128, 11719, 13152, 8053, 12254, 10685]"
53,sae_input,0.021432522719185564,0.999375,0.9999992187487793,1.528297409018824,0.7025,0.7605940148503711,3.081423282623291,0.5755114555358887,0.57980877161026,0.9919682145118713,
53,sae_diff,0.02287040867573752,0.999375,0.9999992187487793,1.178514140372937,0.695,0.7552938823470586,3.240779161453247,0.5755114555358887,0.57980877161026,0.9919682145118713,
53,sae_acts_post,0.11641344620292257,0.98375,0.9993789052795395,1.0878743108125712,0.665,0.713892847321183,2.7842721939086914,,,,
53,sae_acts_and_error,0.023101813838727347,0.999375,0.9999992187487794,1.173396879502078,0.7075,0.7558938973474336,3.250720262527466,0.5755114555358887,0.57980877161026,0.9919682145118713,"[13853, 11719, 346, 14690, 14073, 216]"
54,sae_input,0.023085109605494467,0.999375,0.9999999999999999,1.0337946583362265,0.755,0.8319707992699817,3.152822971343994,0.5927088856697083,0.5957739949226379,0.9946949481964111,
54,sae_diff,0.022557289132042996,0.999375,1.0,1.1020575883052068,0.7225,0.7966949173729343,3.244797945022583,0.5927088856697083,0.5957739949226379,0.9946949481964111,
54,sae_acts_post,0.11799848880055486,0.98875,0.9989570296203587,1.1171762210188163,0.6475,0.7172929323233082,2.800004243850708,,,,
54,sae_acts_and_error,0.02265438879997264,0.999375,0.9999999999999999,1.107945180111941,0.725,0.7952448811220281,3.2498366832733154,0.5927088856697083,0.5957739949226379,0.9946949481964111,"[11719, 4339, 7558, 11970, 10032, 14690]"
55,sae_input,0.0216445328205559,1.0,1.0,1.232513459441025,0.7475,0.7912409855769231,3.1318421363830566,0.595443844795227,0.5947369337081909,0.9948850870132446,
55,sae_diff,0.021651532810875746,1.0,1.0,1.0411177250178083,0.715,0.7874599358974359,3.245197057723999,0.595443844795227,0.5947369337081909,0.9948850870132446,
55,sae_acts_post,0.11731201705608757,0.9875,0.9991030353035304,1.054471375208524,0.6675,0.7170723157051282,2.9275264739990234,,,,
55,sae_acts_and_error,0.021769570533020956,1.0,1.0,1.0380466970032447,0.7125,0.7866085737179487,3.2489192485809326,0.595443844795227,0.5947369337081909,0.9948850870132446,"[8731, 10152, 4527, 11719, 12254, 14690]"
56,sae_input,0.021319717178830012,1.0,1.0,1.5885353945204843,0.705,0.7572482801751095,3.0889039039611816,0.5921952724456787,0.5936749577522278,0.9935925602912903,
56,sae_diff,0.02080356535130622,1.0,1.0,1.3496844345558063,0.67,0.7291807379612257,3.1918582916259766,0.5921952724456787,0.5936749577522278,0.9935925602912903,
56,sae_acts_post,0.11473202232742001,0.985625,0.9993562248525334,1.2380284947009967,0.6425,0.6692682926829268,2.841838836669922,,,,
56,sae_acts_and_error,0.02088572789958768,1.0,1.0,1.3699965591346277,0.675,0.727854909318324,3.1927366256713867,0.5921952724456787,0.5936749577522278,0.9935925602912903,"[11719, 4527, 12155, 8053, 14668, 3160]"
57,sae_input,0.01997611850029046,1.0,1.0,1.391769096912605,0.71,0.7765526552655264,3.062808036804199,0.6041678190231323,0.6076800227165222,0.994105339050293,
57,sae_diff,0.020653313865503394,1.0,1.0,1.2530651422232506,0.6925,0.7531878187818781,3.20391845703125,0.6041678190231323,0.6076800227165222,0.994105339050293,
57,sae_acts_post,0.11259215363935954,0.990625,0.9995749973437333,1.0891651201357262,0.665,0.7222722272227222,2.9217467308044434,,,,
57,sae_acts_and_error,0.02069601199646005,1.0,0.9999999999999999,1.2630704008272091,0.69,0.750887588758876,3.2056381702423096,0.6041678190231323,0.6076800227165222,0.994105339050293,"[11719, 8731, 14261, 2327, 14690, 4185]"
58,sae_input,0.021689233462631297,0.999375,0.9999992186718673,1.3515861443959085,0.7,0.7621193910256411,3.092599630355835,0.6203954815864563,0.6222046613693237,0.9904975891113281,
58,sae_diff,0.02240803642251743,0.999375,0.9999992186718673,1.060034817059319,0.7325,0.7799479166666666,3.2363131046295166,0.6203954815864563,0.6222046613693237,0.9904975891113281,
58,sae_acts_post,0.12516046417989993,0.98375,0.9988631675667567,0.8362006315928227,0.715,0.7806991185897437,2.906435966491699,,,,
58,sae_acts_and_error,0.022693896039224008,0.999375,0.9999992186718673,1.0743957736456564,0.7175,0.7776943108974359,3.2448606491088867,0.6203954815864563,0.6222046613693237,0.9904975891113281,"[14690, 10152, 11719, 5878, 6491, 2442]"
59,sae_input,0.021126161283364225,1.0,1.0,1.4036902567518734,0.6875,0.7596439910997775,3.1023731231689453,0.5978734493255615,0.5997967720031738,0.9934277534484863,
59,sae_diff,0.02135979551567261,1.0,1.0,1.23668900488082,0.6875,0.7607690192254806,3.2166452407836914,0.5978734493255615,0.5997967720031738,0.9934277534484863,
59,sae_acts_post,0.11345657499618322,0.9875,0.9992468738232404,1.22203828558542,0.64,0.6876171904297608,2.846696138381958,,,,
59,sae_acts_and_error,0.021478048370926976,1.0,1.0,1.270875447148076,0.6875,0.7564189104727618,3.222086191177368,0.5978734493255615,0.5997967720031738,0.9934277534484863,"[16223, 14690, 6614, 15105, 7558, 11719]"
60,sae_input,0.02316767189230748,0.999375,0.999999218690181,1.307344461330555,0.7475,0.7943230457310205,3.161323070526123,0.5927410125732422,0.5946744680404663,0.9961899518966675,
60,sae_diff,0.023057319914985035,0.999375,0.999999218690181,1.1377254124204008,0.7075,0.7716953267752997,3.2569658756256104,0.5927410125732422,0.5946744680404663,0.9961899518966675,
60,sae_acts_post,0.12194997534906349,0.9825,0.9986553658014442,0.954967797421983,0.7025,0.7579534930289603,2.806605577468872,,,,
60,sae_acts_and_error,0.0230842649022132,0.999375,0.999999218690181,1.1498765941748175,0.7175,0.7707191309353958,3.2583017349243164,0.5927410125732422,0.5946744680404663,0.9961899518966675,"[11719, 2898, 11128, 15324, 216, 2001]"
61,sae_input,0.021063196339693543,1.0,1.0,1.4795783184499487,0.6975,0.7465877157767965,3.0904383659362793,0.5874919295310974,0.5913993120193481,0.9927586913108826,
61,sae_diff,0.022006632390674193,1.0,1.0,1.2043813174096818,0.6975,0.7453582898434363,3.235842704772949,0.5874919295310974,0.5913993120193481,0.9927586913108826,
61,sae_acts_post,0.11397278128620274,0.986875,0.9993373509039534,1.235839187176362,0.645,0.6977619429947812,2.7919676303863525,,,,
61,sae_acts_and_error,0.022216394042881574,1.0,1.0,1.1979750877482727,0.7075,0.7480178643115215,3.243990659713745,0.5874919295310974,0.5913993120193481,0.9927586913108826,"[11719, 14690, 14668, 12155, 6614, 13152]"
62,sae_input,0.022312207840326108,0.999375,0.9999992187390134,1.396450190051226,0.665,0.7409167062589083,3.1216375827789307,0.5958009958267212,0.5979022979736328,0.9905756115913391,
62,sae_diff,0.022159177228684417,0.999375,0.9999992187390135,1.2070167701404293,0.6925,0.7536695756545223,3.2073678970336914,0.5958009958267212,0.5979022979736328,0.9905756115913391,
62,sae_acts_post,0.113025111452935,0.9875,0.999572650240394,1.1408550818786234,0.695,0.7202870645895326,2.8453214168548584,,,,
62,sae_acts_and_error,0.02235439833131179,0.999375,0.9999992187390135,1.20961693445697,0.69,0.7553699582406042,3.2129557132720947,0.5958009958267212,0.5979022979736328,0.9905756115913391,"[12155, 2640, 11513, 11719, 13152, 2442]"
63,sae_input,0.022771091387665185,0.999375,0.9999992187390135,1.3059118446043534,0.7325,0.7771998699707434,3.1454684734344482,0.5958241820335388,0.5995678305625916,0.9902806878089905,
63,sae_diff,0.022985380376255405,0.999375,0.9999992187390134,1.1283520745603284,0.725,0.773173964141932,3.2535223960876465,0.5958241820335388,0.5995678305625916,0.9902806878089905,
63,sae_acts_post,0.12060814942038492,0.986875,0.9988288897812626,1.0784996124857462,0.6675,0.7423920382085969,2.875314235687256,,,,
63,sae_acts_and_error,0.02323656174603973,0.999375,0.9999992187390134,1.1443063869655399,0.72,0.7723237728488911,3.2593278884887695,0.5958241820335388,0.5995678305625916,0.9902806878089905,"[11719, 185, 2442, 7663, 1763, 15105]"
64,sae_input,0.021846505403978568,1.0,1.0,1.135555058679037,0.735,0.807548019207683,3.13431978225708,0.59781813621521,0.5997764468193054,0.9922844171524048,
64,sae_diff,0.022228294671884002,1.0,1.0,0.9472723937132591,0.7225,0.8101990796318528,3.2645535469055176,0.59781813621521,0.5997764468193054,0.9922844171524048,
64,sae_acts_post,0.1170731375227526,0.98875,0.9995265506637666,1.0080794568525622,0.68,0.7378201280512204,2.8518106937408447,,,,
64,sae_acts_and_error,0.02244221703451802,1.0,1.0,0.9579051165083357,0.725,0.8087484993997599,3.272153377532959,0.59781813621521,0.5997764468193054,0.9922844171524048,"[12254, 11719, 1469, 4527, 8754, 3047]"
65,sae_input,0.021637655919772132,1.0,0.9999999999999999,1.4280691951300863,0.685,0.7520050125313282,3.1322438716888428,0.5891979932785034,0.5899053812026978,0.9946860074996948,
65,sae_diff,0.021063086800919128,1.0,1.0,1.1575708125397037,0.71,0.7488721804511278,3.210200309753418,0.5891979932785034,0.5899053812026978,0.9946860074996948,
65,sae_acts_post,0.11636945925228769,0.98625,0.9991670573527114,1.1428216784184881,0.6325,0.6890726817042607,2.9138128757476807,,,,
65,sae_acts_and_error,0.021170435357813565,1.0,1.0,1.171055959885229,0.7025,0.7481954887218045,3.2161705493927,0.5891979932785034,0.5899053812026978,0.9946860074996948,"[10152, 11719, 15105, 4339, 7663, 4527]"
66,sae_input,0.022780547722463115,0.999375,0.9999992187060521,1.3011507270966134,0.735,0.7841056951256131,3.1204583644866943,0.6047850847244263,0.6078938245773315,0.9932169914245605,
66,sae_diff,0.022539038941747136,0.999375,0.9999992187060522,1.1575882164835658,0.6825,0.7518766890201182,3.2210566997528076,0.6047850847244263,0.6078938245773315,0.9932169914245605,
66,sae_acts_post,0.12464023794465603,0.979375,0.9984944465626192,1.0400074620025368,0.6875,0.7404914422980682,2.7496023178100586,,,,
66,sae_acts_and_error,0.022682633790692575,0.999375,0.9999992187060522,1.1794596326074003,0.68,0.7490491442298068,3.2254514694213867,0.6047850847244263,0.6078938245773315,0.9932169914245605,"[14690, 11719, 14668, 10685, 12155, 12006]"
67,sae_input,0.021322325527760085,0.999375,0.9999992187060522,1.5948220676000142,0.6775,0.7458212391152037,3.051076889038086,0.5920935869216919,0.5941001176834106,0.9953844547271729,
67,sae_diff,0.022459026758366002,0.999375,0.9999992187060522,1.3364044672734372,0.665,0.727930137123411,3.202834367752075,0.5920935869216919,0.5941001176834106,0.9953844547271729,
67,sae_acts_post,0.11757152945350946,0.983125,0.9989429092886475,1.1455618724616305,0.665,0.7081873686317686,2.8598504066467285,,,,
67,sae_acts_and_error,0.02254288567374805,0.999375,0.9999992187060522,1.346233049724154,0.6625,0.7238264437994195,3.2047736644744873,0.5920935869216919,0.5941001176834106,0.9953844547271729,"[11719, 12755, 10158, 7558, 1115, 11128]"
68,sae_input,0.02194646382735619,0.999375,0.9999992187060522,1.6104741514167857,0.7175,0.7383645280752676,3.10534405708313,0.6059544682502747,0.6065753698348999,0.9979132413864136,
68,sae_diff,0.02278607114307739,0.999375,0.9999992187060522,1.203701239292941,0.6875,0.736838154338905,3.23966646194458,0.6059544682502747,0.6065753698348999,0.9979132413864136,
68,sae_acts_post,0.11941679840258153,0.985,0.9988538417786001,1.1870637639127666,0.6475,0.695801221098989,2.767688274383545,,,,
68,sae_acts_and_error,0.022827799166364036,0.999375,0.9999992187060522,1.202190845482812,0.685,0.7377890101090983,3.2428948879241943,0.6059544682502747,0.6065753698348999,0.9979132413864136,"[2640, 8053, 89, 4637, 14690, 1207]"
69,sae_input,0.0216030826948659,0.999375,0.9999992187304684,1.3381474749942435,0.7125,0.7763855542216886,3.101008415222168,0.6033853888511658,0.6050373911857605,0.993240237236023,
69,sae_diff,0.021709768737741685,0.999375,0.9999992187304683,1.1437323889055209,0.7025,0.7765356142456983,3.2120282649993896,0.6033853888511658,0.6050373911857605,0.993240237236023,
69,sae_acts_post,0.11578015751608534,0.986875,0.9991241968549214,1.0823852970909973,0.6575,0.7191126450580232,2.9111151695251465,,,,
69,sae_acts_and_error,0.021813571571606766,0.999375,0.9999992187304683,1.1536242800418282,0.715,0.7760354141656662,3.2157750129699707,0.6033853888511658,0.6050373911857605,0.993240237236023,"[2327, 7558, 6381, 14690, 16223, 11719]"
70,sae_input,0.022893746290894704,0.999375,0.9999992187060522,1.1191828870458058,0.74,0.7935141627464718,3.1651673316955566,0.5961068868637085,0.5968251824378967,0.9937766194343567,
70,sae_diff,0.02280146899835584,0.999375,0.9999992187060522,0.9433761790944948,0.7225,0.7959413472124913,3.261892318725586,0.5961068868637085,0.5968251824378967,0.9937766194343567,
70,sae_acts_post,0.11899964977367031,0.98625,0.9993023045046284,1.1403070868632523,0.67,0.720348313482134,2.8813164234161377,,,,
70,sae_acts_and_error,0.022969989183513232,0.999375,0.9999992187060522,0.9445700174521394,0.72,0.7960914823341007,3.2658207416534424,0.5961068868637085,0.5968251824378967,0.9937766194343567,"[14690, 14668, 11719, 2442, 15856, 14261]"
71,sae_input,0.02285127093636592,0.999375,0.9999992186511105,1.2771437687340441,0.75,0.7951100979483454,3.151442766189575,0.6025344729423523,0.6041082143783569,0.9941762089729309,
71,sae_diff,0.022722766594040347,0.999375,0.9999992186511106,1.1393354127567108,0.69,0.7613918184323255,3.2433013916015625,0.6025344729423523,0.6041082143783569,0.9941762089729309,
71,sae_acts_post,0.11976934953819336,0.9875,0.9991006674282215,1.2604136117923692,0.695,0.7192564944011626,2.945208787918091,,,,
71,sae_acts_and_error,0.022869030604383226,0.999375,0.9999992186511106,1.148560350218895,0.7,0.7597134196748416,3.2490553855895996,0.6025344729423523,0.6041082143783569,0.9941762089729309,"[14690, 4339, 10224, 5867, 346, 11719]"
72,sae_input,0.022049803682343935,0.999375,0.9999992187060521,1.3976231643987926,0.695,0.7774997497747973,3.099886655807495,0.5785740613937378,0.583044171333313,0.9877582788467407,
72,sae_diff,0.022918454473263933,0.999375,0.9999992187060522,1.1525702273601892,0.7325,0.7830797717946152,3.239434242248535,0.5785740613937378,0.583044171333313,0.9877582788467407,
72,sae_acts_post,0.12013586806565779,0.98375,0.9990460400897551,1.1001036606581567,0.6675,0.72325092583325,2.8172664642333984,,,,
72,sae_acts_and_error,0.02287359480892139,0.999375,0.9999992187060522,1.1857599462538984,0.7325,0.7790011009908918,3.2349274158477783,0.5785740613937378,0.583044171333313,0.9877582788467407,"[14690, 453, 2442, 2327, 11949, 11719]"
73,sae_input,0.02194182339205603,0.999375,0.9999992186901809,1.2614019085066186,0.72,0.7858376511226253,3.100665807723999,0.5955528020858765,0.5976922512054443,0.9924842119216919,
73,sae_diff,0.021562910764345355,0.999375,0.999999218690181,1.1437451647511705,0.7125,0.7660884583614928,3.1876752376556396,0.5955528020858765,0.5976922512054443,0.9924842119216919,
73,sae_acts_post,0.11255597260805546,0.98875,0.9993538567796596,1.1327418233333015,0.6475,0.69575229656329,2.781083345413208,,,,
73,sae_acts_and_error,0.021739534485754008,0.999375,0.9999992186901809,1.1581040141642813,0.71,0.7634852694550824,3.195262908935547,0.5955528020858765,0.5976922512054443,0.9924842119216919,"[7558, 11719, 12155, 12254, 89, 12006]"
74,sae_input,0.02156256896181901,0.999375,0.9999992185436466,1.3670682069480427,0.7275,0.7683713690341694,3.0695009231567383,0.5758290886878967,0.5760269165039062,0.9951235055923462,
74,sae_diff,0.022273742168851824,0.999375,0.9999992185436467,1.196792517151264,0.69,0.7478848133363462,3.207716941833496,0.5758290886878967,0.5760269165039062,0.9951235055923462,
74,sae_acts_post,0.11567480521032843,0.98875,0.99913336490417,1.2481718632520793,0.6625,0.6995305164319248,2.821208953857422,,,,
74,sae_acts_and_error,0.02236178264666534,0.999375,0.9999992185436467,1.2179798956967394,0.69,0.7453993120935954,3.2103307247161865,0.5758290886878967,0.5760269165039062,0.9951235055923462,"[1050, 10152, 11128, 11719, 9732, 13152]"
75,sae_input,0.020824359230966812,0.999375,0.9999992186511105,1.3076070103040813,0.7325,0.7873694230817405,3.0615787506103516,0.5940840840339661,0.5946110486984253,0.9974697828292847,
75,sae_diff,0.022438705858391406,0.999375,0.9999992186511105,1.090146324544817,0.7125,0.7760715448783786,3.2368457317352295,0.5940840840339661,0.5946110486984253,0.9974697828292847,
75,sae_acts_post,0.11594508749323391,0.984375,0.9994319593573561,1.0112084418246372,0.68,0.7424284175455297,2.904752731323242,,,,
75,sae_acts_and_error,0.02248638939010206,0.999375,0.9999992186511106,1.0823607552833503,0.71,0.7779754001853753,3.2389659881591797,0.5940840840339661,0.5946110486984253,0.9974697828292847,"[14690, 4339, 14668, 3160, 10152, 4259]"
76,sae_input,0.020290692496764753,1.0,1.0,1.5283357521594516,0.71,0.7595189879746993,3.0649631023406982,0.6060472130775452,0.6070500612258911,0.9952746629714966,
76,sae_diff,0.02120979869490564,1.0,1.0,1.170545896682373,0.7025,0.770219255481387,3.220689058303833,0.6060472130775452,0.6070500612258911,0.9952746629714966,
76,sae_acts_post,0.1108748422979404,0.9925,0.9994218740966783,1.152042195256757,0.66,0.7162429060726517,2.9096004962921143,,,,
76,sae_acts_and_error,0.02124020142333598,1.0,1.0,1.1714782558679457,0.6975,0.7690692267306684,3.2196784019470215,0.6060472130775452,0.6070500612258911,0.9952746629714966,"[2327, 4259, 10152, 2442, 15856, 7558]"
77,sae_input,0.02198235555971609,1.0,1.0,1.2355456962234879,0.7325,0.793967587034814,3.1577987670898438,0.5856654644012451,0.5887911915779114,0.9924709796905518,
77,sae_diff,0.0225193124523574,1.0,1.0,0.9762882679352148,0.74,0.8040966386554621,3.2777762413024902,0.5856654644012451,0.5887911915779114,0.9924709796905518,
77,sae_acts_post,0.11666891089413906,0.984375,0.9992452936323408,0.9242018985559707,0.695,0.743922569027611,2.8133504390716553,,,,
77,sae_acts_and_error,0.022585759703043155,1.0,1.0,1.0061111566307452,0.74,0.796968787515006,3.2789804935455322,0.5856654644012451,0.5887911915779114,0.9924709796905518,"[11719, 7558, 1050, 346, 15105, 12155]"
78,sae_input,0.021994374167643712,0.999375,0.9999992186511105,1.6209588413782725,0.7375,0.7414514391643077,3.097813606262207,0.5898017883300781,0.5975743532180786,0.9904701113700867,
78,sae_diff,0.022809323017466535,0.999375,0.9999992186511104,1.2794788348367143,0.6975,0.7453092512337482,3.2319297790527344,0.5898017883300781,0.5975743532180786,0.9904701113700867,
78,sae_acts_post,0.11541034315459729,0.985,0.9994303966595772,1.2178506250491705,0.6375,0.6923770635536962,2.864633321762085,,,,
78,sae_acts_and_error,0.022879053847276398,0.999375,0.9999992186511105,1.303530573784277,0.6925,0.7429294321000024,3.233233690261841,0.5898017883300781,0.5975743532180786,0.9904701113700867,"[346, 5639, 13942, 12155, 2442, 14073]"
79,sae_input,0.022546314656924926,1.0,1.0,1.192529495904328,0.74,0.8222955573889348,3.1684200763702393,0.5862554311752319,0.5858427286148071,0.9939188361167908,
79,sae_diff,0.021802548333838778,1.0,1.0,1.187934835511723,0.6925,0.7619190479761992,3.250323534011841,0.5862554311752319,0.5858427286148071,0.9939188361167908,
79,sae_acts_post,0.11329351432977607,0.98875,0.999493749208983,1.2728145366201666,0.655,0.6993674841871047,2.8977737426757812,,,,
79,sae_acts_and_error,0.021800321783470068,1.0,1.0,1.2159376918729965,0.695,0.7562189054726368,3.2489376068115234,0.5862554311752319,0.5858427286148071,0.9939188361167908,"[15129, 2640, 13725, 2442, 11719, 5867]"
80,sae_input,0.021092347347999453,0.999375,0.9999992187304683,1.600555945358806,0.7025,0.753001200480192,3.065427303314209,0.5866472721099854,0.589992344379425,0.9921864867210388,
80,sae_diff,0.021227402070282505,0.999375,0.9999992187304683,1.3649981946654808,0.6825,0.7412214885954381,3.1742641925811768,0.5866472721099854,0.589992344379425,0.9921864867210388,
80,sae_acts_post,0.11595370638041777,0.983125,0.9990585702142554,1.1299112968475233,0.635,0.6942276910764305,2.771392822265625,,,,
80,sae_acts_and_error,0.021200269563645898,0.999375,0.9999992187304683,1.3768002362048224,0.67,0.7394457783113245,3.1673526763916016,0.5866472721099854,0.589992344379425,0.9921864867210388,"[11719, 15856, 14668, 14305, 9669, 14690]"
81,sae_input,0.02235654548197479,0.999375,0.9999992187390134,1.2487938267706828,0.7175,0.7835012877897528,3.121870517730713,0.6015806198120117,0.6027932167053223,0.9967548847198486,
81,sae_diff,0.022239917200095095,0.999375,0.9999992187390137,1.1880820939872256,0.685,0.7539696431697132,3.2168002128601074,0.6015806198120117,0.6027932167053223,0.9967548847198486,
81,sae_acts_post,0.11785459786755205,0.986875,0.9992367080162065,1.1000410246794616,0.6675,0.7117601460328573,2.876922845840454,,,,
81,sae_acts_and_error,0.02221404079182905,0.999375,0.9999992187390134,1.1968866363178348,0.6925,0.7529694181190768,3.21506667137146,0.6015806198120117,0.6027932167053223,0.9967548847198486,"[4339, 7558, 10152, 15856, 13477, 2001]"
82,sae_input,0.02290681795275372,0.999375,0.9999992186718671,1.3407422825539288,0.74,0.7767928685897436,3.153480291366577,0.5988692045211792,0.6008285284042358,0.9898801445960999,
82,sae_diff,0.02346299622992336,0.999375,0.9999992186718671,1.1311714246780178,0.7025,0.7720352564102564,3.2754626274108887,0.5988692045211792,0.6008285284042358,0.9898801445960999,
82,sae_acts_post,0.12195045403197252,0.984375,0.9989131725672568,0.9840911554256361,0.68,0.734149639423077,2.855977773666382,,,,
82,sae_acts_and_error,0.023718046431358105,0.999375,0.9999992186718671,1.1357487914275144,0.71,0.7694561298076922,3.2811708450317383,0.5988692045211792,0.6008285284042358,0.9898801445960999,"[4185, 11719, 2898, 2442, 14750, 13152]"
83,sae_input,0.021539658446921975,0.999375,0.9999984374975586,1.3778560662710175,0.7275,0.7793194829870747,3.083712339401245,0.5983014106750488,0.5988732576370239,0.9951286315917969,
83,sae_diff,0.021720152648496097,0.999375,0.9999984374975587,1.295013977362981,0.675,0.7303682592064802,3.2051804065704346,0.5983014106750488,0.5988732576370239,0.9951286315917969,
83,sae_acts_post,0.11588881099530746,0.98875,0.9993710927673324,1.190019723929318,0.6975,0.7300182504562613,2.885113000869751,,,,
83,sae_acts_and_error,0.021721112115551725,0.999375,0.9999984374975587,1.2990529365951442,0.68,0.7312432810820271,3.2046573162078857,0.5983014106750488,0.5988732576370239,0.9951286315917969,"[3160, 11719, 14668, 14690, 7663, 11949]"
84,sae_input,0.023373738972735,0.999375,0.9999992187060522,1.2309023565986685,0.7425,0.804724251826644,3.1562023162841797,0.5835177302360535,0.5840409994125366,0.99419766664505,
84,sae_diff,0.023109458884824706,0.999375,0.9999992187060521,1.038095218096291,0.7275,0.7946902211990792,3.2603471279144287,0.5835177302360535,0.5840409994125366,0.99419766664505,
84,sae_acts_post,0.11665954064294853,0.98625,0.9992882412135683,1.2753288274122754,0.6375,0.6820638574717246,2.824418067932129,,,,
84,sae_acts_and_error,0.02329701617330502,0.999375,0.9999992187060522,1.0340078938720887,0.735,0.7957411670503454,3.2670726776123047,0.5835177302360535,0.5840409994125366,0.99419766664505,"[15324, 11719, 1470, 1050, 7558, 10298]"
85,sae_input,0.020306964492952547,1.0,0.9999999999999999,1.4431688096443196,0.6975,0.7670646542013967,3.067030906677246,0.6035783290863037,0.6065924763679504,0.9946141242980957,
85,sae_diff,0.021776205124904482,1.0,1.0,1.1812735517790827,0.705,0.7665139796250406,3.231628179550171,0.6035783290863037,0.6065924763679504,0.9946141242980957,
85,sae_acts_post,0.11680964748654443,0.98875,0.9993562007091168,1.1935238765574123,0.6575,0.7280543665990838,2.8325064182281494,,,,
85,sae_acts_and_error,0.021931940962659803,1.0,1.0,1.1789887750799333,0.705,0.7692172911816977,3.238062620162964,0.6035783290863037,0.6065924763679504,0.9946141242980957,"[11719, 3160, 1050, 2001, 9440, 89]"
86,sae_input,0.02133490990739741,0.999375,0.9999992187194813,1.5399132950888452,0.6625,0.7330581613508442,3.076272964477539,0.5898516774177551,0.594292938709259,0.9936776161193848,
86,sae_diff,0.021667153420652664,0.999375,0.9999992187194813,1.2086203015692008,0.67,0.7390619136960601,3.1885905265808105,0.5898516774177551,0.594292938709259,0.9936776161193848,
86,sae_acts_post,0.11047006893600375,0.98875,0.9995007617485059,1.378921843662662,0.645,0.6747217010631645,2.7491612434387207,,,,
86,sae_acts_and_error,0.021683556521686256,0.999375,0.9999992187194813,1.2125382816556438,0.67,0.7392370231394623,3.189189910888672,0.5898516774177551,0.594292938709259,0.9936776161193848,"[3160, 11719, 13601, 12155, 14690, 8308]"
87,sae_input,0.021743471878558386,0.999375,1.0,1.3259362009717173,0.7,0.7764605842336934,3.1031579971313477,0.5830944180488586,0.5863474011421204,0.9972585439682007,
87,sae_diff,0.02137767802106576,0.999375,0.9999984374609364,1.2882262267706814,0.6825,0.7516756702681073,3.1829330921173096,0.5830944180488586,0.5863474011421204,0.9972585439682007,
87,sae_acts_post,0.11463088892621087,0.98625,0.999298419960499,1.186469585951922,0.66,0.7180872348939574,2.9027514457702637,,,,
87,sae_acts_and_error,0.02123499669820518,0.999375,1.0,1.2979902045898841,0.67,0.7493497398959583,3.1757943630218506,0.5830944180488586,0.5863474011421204,0.9972585439682007,"[216, 7558, 1410, 2001, 3160, 1050]"
88,sae_input,0.022117944395551904,0.999375,0.9999992181587326,1.3589012750220097,0.7225,0.7674865877113068,3.1202900409698486,0.5957381725311279,0.5949375033378601,0.9982243776321411,
88,sae_diff,0.021498571767531068,0.999375,0.9999992181587325,1.257533334058329,0.695,0.7524547018929043,3.187782049179077,0.5957381725311279,0.5949375033378601,0.9982243776321411,
88,sae_acts_post,0.11448304202467785,0.986875,0.999481639239675,1.229283493275096,0.66,0.7088521105375039,2.810220718383789,,,,
88,sae_acts_and_error,0.02148742248861951,0.999375,0.9999992181587325,1.2622871404667044,0.7,0.7513412288693186,3.187772512435913,0.5957381725311279,0.5949375033378601,0.9982243776321411,"[14668, 5547, 346, 11675, 13152, 2640]"
89,sae_input,0.02155886339121811,1.0,1.0,1.1155800743071702,0.6925,0.7968919498473725,3.1327781677246094,0.5961388945579529,0.5967495441436768,0.9958011507987976,
89,sae_diff,0.02138807877703565,1.0,1.0,1.1632241046416605,0.6975,0.7633391356996897,3.226187229156494,0.5961388945579529,0.5967495441436768,0.9958011507987976,
89,sae_acts_post,0.11440828398913347,0.986875,0.999521605155408,1.0174410087922547,0.67,0.7302656474684023,2.921933650970459,,,,
89,sae_acts_and_error,0.021502380385689798,1.0,1.0,1.168064914962995,0.7,0.7637427785766543,3.2314465045928955,0.5961388945579529,0.5967495441436768,0.9958011507987976,"[7663, 7558, 11719, 4527, 15105, 14690]"
90,sae_input,0.022301134869512414,0.999375,0.9999992187451171,1.263149202892171,0.715,0.7958295829582958,3.122579574584961,0.6000418663024902,0.6030901074409485,0.9926038384437561,
90,sae_diff,0.022420775744389256,0.999375,0.9999992187451171,1.216704159603704,0.68,0.7595509550955095,3.2271177768707275,0.6000418663024902,0.6030901074409485,0.9926038384437561,
90,sae_acts_post,0.11731883993748209,0.98875,0.9994492153075958,1.1255979218505052,0.705,0.7514001400140013,2.851522922515869,,,,
90,sae_acts_and_error,0.022457509618458726,0.999375,0.9999992187451171,1.2510336412791594,0.6925,0.7567256725672565,3.225898504257202,0.6000418663024902,0.6030901074409485,0.9926038384437561,"[2327, 11719, 13152, 7558, 3160, 7080]"
91,sae_input,0.021597458436531537,1.0,0.9999999999999999,1.414250273454967,0.695,0.7637440936023401,3.1314125061035156,0.5936965942382812,0.5975520610809326,0.9940265417098999,
91,sae_diff,0.02175040797075975,1.0,1.0,1.1700281366547802,0.72,0.7592939823495587,3.2361016273498535,0.5936965942382812,0.5975520610809326,0.9940265417098999,
91,sae_acts_post,0.12044857895548075,0.98125,0.9988078106372041,1.1302339070152223,0.65,0.714217855446386,2.8286123275756836,,,,
91,sae_acts_and_error,0.02174989269383641,1.0,1.0,1.1805668383407026,0.7075,0.756268906722668,3.2343289852142334,0.5936965942382812,0.5975520610809326,0.9940265417098999,"[216, 11719, 12254, 13853, 2001, 13180]"
92,sae_input,0.022425814695365906,0.999375,0.9999992187500001,1.2905387374936295,0.705,0.7782749999999999,3.1036791801452637,0.5957969427108765,0.5993327498435974,0.9905813336372375,
92,sae_diff,0.022324391706321188,0.999375,0.9999992187500001,1.1441776603569878,0.7025,0.77265,3.2046663761138916,0.5957969427108765,0.5993327498435974,0.9905813336372375,
92,sae_acts_post,0.11186407832596121,0.990625,0.99951015625,1.2370982785976086,0.6625,0.7105750000000001,2.845637559890747,,,,
92,sae_acts_and_error,0.022394811675945904,0.999375,0.99999921875,1.1622315455360914,0.7,0.770975,3.203707218170166,0.5957969427108765,0.5993327498435974,0.9905813336372375,"[11719, 14668, 6229, 13140, 9796, 2442]"
93,sae_input,0.022121160334336847,0.999375,0.999999218602267,1.4204332593836753,0.735,0.7732641239750244,3.0998682975769043,0.5956719517707825,0.6018749475479126,0.991249144077301,
93,sae_diff,0.023222912510964352,0.999375,0.9999992186022669,1.1797298860749807,0.7025,0.7692269114070062,3.2473299503326416,0.5956719517707825,0.6018749475479126,0.991249144077301,
93,sae_acts_post,0.12611032167422714,0.981875,0.9989927783221516,0.9112899107924415,0.705,0.7573409563930891,2.911127805709839,,,,
93,sae_acts_and_error,0.023310880273660815,0.999375,0.9999992186022669,1.1716960592190164,0.695,0.768274028937536,3.2522780895233154,0.5956719517707825,0.6018749475479126,0.991249144077301,"[15105, 14690, 11719, 89, 5639, 12155]"
94,sae_input,0.021574978767001634,0.999375,0.9999992187304683,1.3573924700846627,0.7375,0.7821378551420568,3.0753581523895264,0.5965701341629028,0.6007505059242249,0.9914610385894775,
94,sae_diff,0.02230852058348156,0.999375,0.9999992187304684,1.2275298376652382,0.68,0.7602541016406563,3.222801923751831,0.5965701341629028,0.6007505059242249,0.9914610385894775,
94,sae_acts_post,0.12177431936531562,0.985,0.9989866934173355,1.0098421219157796,0.685,0.7383203281312525,2.8318161964416504,,,,
94,sae_acts_and_error,0.022362461743667784,0.999375,0.9999992187304683,1.2606036237229226,0.6875,0.7551520608243297,3.22153902053833,0.5965701341629028,0.6007505059242249,0.9914610385894775,"[11719, 2442, 13152, 12155, 9537, 2640]"
95,sae_input,0.021350998079177064,1.0,1.0,1.461374236475426,0.7125,0.7760600375234522,3.116657018661499,0.5969374179840088,0.6011520624160767,0.9925492405891418,
95,sae_diff,0.021663185330758294,1.0,0.9999999999999999,1.0956696064352132,0.685,0.7680050031269543,3.241198778152466,0.5969374179840088,0.6011520624160767,0.9925492405891418,
95,sae_acts_post,0.12300936351390522,0.988125,0.9990734013047385,0.9284207909484362,0.6775,0.7568480300187617,2.7882156372070312,,,,
95,sae_acts_and_error,0.021920390491874928,1.0,1.0,1.106637616403659,0.6875,0.768030018761726,3.251760721206665,0.5969374179840088,0.6011520624160767,0.9925492405891418,"[11719, 1115, 9828, 7663, 14904, 1050]"
96,sae_input,0.0207555864567763,0.999375,0.9999992187487794,1.6277459649323835,0.7025,0.7400435010875273,3.031644582748413,0.6113117337226868,0.6130948066711426,0.9936908483505249,
96,sae_diff,0.022033970819054987,0.999375,0.9999992187487793,1.2296426649389025,0.69,0.7458936473411835,3.1977622509002686,0.6113117337226868,0.6130948066711426,0.9936908483505249,
96,sae_acts_post,0.11178614493093265,0.98625,0.9994289053576646,1.2337684434904508,0.6675,0.707892697317433,2.770965099334717,,,,
96,sae_acts_and_error,0.022114013587271233,0.999375,0.9999992187487793,1.2390758458088842,0.695,0.7453186329658241,3.2002058029174805,0.6113117337226868,0.6130948066711426,0.9936908483505249,"[2001, 11719, 12254, 14690, 13601, 1050]"
97,sae_input,0.0229120017602391,0.999375,0.9999992186718671,1.2770945641057478,0.7025,0.7791716746794871,3.130713701248169,0.6076172590255737,0.6106657981872559,0.9939097762107849,
97,sae_diff,0.023142614123444732,0.999375,0.9999992186718671,1.0740826728490864,0.72,0.7827524038461539,3.2513139247894287,0.6076172590255737,0.6106657981872559,0.9939097762107849,
97,sae_acts_post,0.11982605449524363,0.980625,0.9990288091309131,1.0307011099727474,0.685,0.7354266826923076,2.778810739517212,,,,
97,sae_acts_and_error,0.023356714574398058,0.999375,0.9999992186718671,1.0808898424093891,0.7275,0.7825771233974359,3.2592391967773438,0.6076172590255737,0.6106657981872559,0.9939097762107849,"[11719, 7558, 5867, 10697, 14073, 15105]"
98,sae_input,0.020649286955981526,0.999375,0.9999992187451172,1.6609307899234431,0.6575,0.7097209720972096,3.0120933055877686,0.5873832106590271,0.5898734331130981,0.9927487373352051,
98,sae_diff,0.021475322944888523,0.999375,0.999999218745117,1.2335102245634095,0.68,0.732898289828983,3.170192241668701,0.5873832106590271,0.5898734331130981,0.9927487373352051,
98,sae_acts_post,0.10944281643774746,0.986875,0.999502340639629,1.247525148249652,0.645,0.6789178917891789,2.7806620597839355,,,,
98,sae_acts_and_error,0.02157968194651092,0.999375,0.9999992187451172,1.2481891321322147,0.6725,0.7315731573157316,3.1753861904144287,0.5873832106590271,0.5898734331130981,0.9927487373352051,"[14690, 1469, 11719, 12006, 346, 15498]"
99,sae_input,0.023594560389975254,0.999375,0.9999992186022669,1.257089973847538,0.7225,0.7869053888011234,3.187350034713745,0.5902087688446045,0.5923959016799927,0.9901899099349976,
99,sae_diff,0.023979774330291928,0.999375,0.999999218602267,0.9968439012162778,0.72,0.7965846686225833,3.2917492389678955,0.5902087688446045,0.5923959016799927,0.9901899099349976,
99,sae_acts_post,0.12205772582689958,0.984375,0.9991818765735396,0.974104054867637,0.6825,0.7675969808671231,2.9160218238830566,,,,
99,sae_acts_and_error,0.024245241630041745,0.999375,0.9999992186022671,1.0002801486064283,0.7275,0.7959577722610898,3.2997050285339355,0.5902087688446045,0.5923959016799927,0.9901899099349976,"[11719, 2442, 7569, 3160, 4140, 2838]"
